Sample,Richness,Size,Cruise,Station,Year,Month,DateID,Season
Or2Cr2014St01,1,1,Cr2014,St01,2014,4,2014/4,Spring
Or2Cr2014St01,93.28908312,1001,Cr2014,St01,2014,4,2014/4,Spring
Or2Cr2014St01,110.5156209,2001,Cr2014,St01,2014,4,2014/4,Spring
Or2Cr2014St01,118.8990602,3001,Cr2014,St01,2014,4,2014/4,Spring
Or2Cr2014St01,123.7170455,4001,Cr2014,St01,2014,4,2014/4,Spring
Or2Cr2014St01,126.6864605,5001,Cr2014,St01,2014,4,2014/4,Spring
Or2Cr2014St01,128.5783373,6001,Cr2014,St01,2014,4,2014/4,Spring
Or2Cr2014St01,129.8056848,7001,Cr2014,St01,2014,4,2014/4,Spring
Or2Cr2014St01,130.6110421,8001,Cr2014,St01,2014,4,2014/4,Spring
Or2Cr2014St01,131.1436258,9001,Cr2014,St01,2014,4,2014/4,Spring
Or2Cr2014St01,131.4974949,10001,Cr2014,St01,2014,4,2014/4,Spring
Or2Cr2014St01,131.7327928,11001,Cr2014,St01,2014,4,2014/4,Spring
Or2Cr2014St01,131.8884317,12001,Cr2014,St01,2014,4,2014/4,Spring
Or2Cr2014St01,131.9899631,13001,Cr2014,St01,2014,4,2014/4,Spring
Or2Cr2014St01,132,13129,Cr2014,St01,2014,4,2014/4,Spring
Or2Cr2014St03,1,1,Cr2014,St03,2014,4,2014/4,Spring
Or2Cr2014St03,137.8537147,1001,Cr2014,St03,2014,4,2014/4,Spring
Or2Cr2014St03,156.7077535,2001,Cr2014,St03,2014,4,2014/4,Spring
Or2Cr2014St03,165.1261904,3001,Cr2014,St03,2014,4,2014/4,Spring
Or2Cr2014St03,169.7740036,4001,Cr2014,St03,2014,4,2014/4,Spring
Or2Cr2014St03,172.5262854,5001,Cr2014,St03,2014,4,2014/4,Spring
Or2Cr2014St03,174.2175109,6001,Cr2014,St03,2014,4,2014/4,Spring
Or2Cr2014St03,175.2845698,7001,Cr2014,St03,2014,4,2014/4,Spring
Or2Cr2014St03,175.9707195,8001,Cr2014,St03,2014,4,2014/4,Spring
Or2Cr2014St03,176.4154533,9001,Cr2014,St03,2014,4,2014/4,Spring
Or2Cr2014St03,176.7004189,10001,Cr2014,St03,2014,4,2014/4,Spring
Or2Cr2014St03,176.8744656,11001,Cr2014,St03,2014,4,2014/4,Spring
Or2Cr2014St03,176.967723,12001,Cr2014,St03,2014,4,2014/4,Spring
Or2Cr2014St03,176.9996191,13001,Cr2014,St03,2014,4,2014/4,Spring
Or2Cr2014St03,177,13129,Cr2014,St03,2014,4,2014/4,Spring
Or2Cr2014St05,1,1,Cr2014,St05,2014,4,2014/4,Spring
Or2Cr2014St05,174.3651346,1001,Cr2014,St05,2014,4,2014/4,Spring
Or2Cr2014St05,213.1439334,2001,Cr2014,St05,2014,4,2014/4,Spring
Or2Cr2014St05,232.3899923,3001,Cr2014,St05,2014,4,2014/4,Spring
Or2Cr2014St05,244.1250619,4001,Cr2014,St05,2014,4,2014/4,Spring
Or2Cr2014St05,252.0083258,5001,Cr2014,St05,2014,4,2014/4,Spring
Or2Cr2014St05,257.6196379,6001,Cr2014,St05,2014,4,2014/4,Spring
Or2Cr2014St05,261.7794707,7001,Cr2014,St05,2014,4,2014/4,Spring
Or2Cr2014St05,264.9645962,8001,Cr2014,St05,2014,4,2014/4,Spring
Or2Cr2014St05,267.4734457,9001,Cr2014,St05,2014,4,2014/4,Spring
Or2Cr2014St05,269.5023958,10001,Cr2014,St05,2014,4,2014/4,Spring
Or2Cr2014St05,271.1849374,11001,Cr2014,St05,2014,4,2014/4,Spring
Or2Cr2014St05,272.61353,12001,Cr2014,St05,2014,4,2014/4,Spring
Or2Cr2014St05,273.8526152,13001,Cr2014,St05,2014,4,2014/4,Spring
Or2Cr2014St05,274,13129,Cr2014,St05,2014,4,2014/4,Spring
Or2Cr2014St07,1,1,Cr2014,St07,2014,4,2014/4,Spring
Or2Cr2014St07,153.8120946,1001,Cr2014,St07,2014,4,2014/4,Spring
Or2Cr2014St07,190.7656793,2001,Cr2014,St07,2014,4,2014/4,Spring
Or2Cr2014St07,209.6540514,3001,Cr2014,St07,2014,4,2014/4,Spring
Or2Cr2014St07,221.3890382,4001,Cr2014,St07,2014,4,2014/4,Spring
Or2Cr2014St07,229.4040965,5001,Cr2014,St07,2014,4,2014/4,Spring
Or2Cr2014St07,235.1930791,6001,Cr2014,St07,2014,4,2014/4,Spring
Or2Cr2014St07,239.5365376,7001,Cr2014,St07,2014,4,2014/4,Spring
Or2Cr2014St07,242.8879092,8001,Cr2014,St07,2014,4,2014/4,Spring
Or2Cr2014St07,245.5287484,9001,Cr2014,St07,2014,4,2014/4,Spring
Or2Cr2014St07,247.6421113,10001,Cr2014,St07,2014,4,2014/4,Spring
Or2Cr2014St07,249.3511046,11001,Cr2014,St07,2014,4,2014/4,Spring
Or2Cr2014St07,250.7407884,12001,Cr2014,St07,2014,4,2014/4,Spring
Or2Cr2014St07,251.8715472,13001,Cr2014,St07,2014,4,2014/4,Spring
Or2Cr2014St07,252,13129,Cr2014,St07,2014,4,2014/4,Spring
Or2Cr2014St09,1,1,Cr2014,St09,2014,4,2014/4,Spring
Or2Cr2014St09,153.3732917,1001,Cr2014,St09,2014,4,2014/4,Spring
Or2Cr2014St09,181.0495618,2001,Cr2014,St09,2014,4,2014/4,Spring
Or2Cr2014St09,193.7647422,3001,Cr2014,St09,2014,4,2014/4,Spring
Or2Cr2014St09,201.0005605,4001,Cr2014,St09,2014,4,2014/4,Spring
Or2Cr2014St09,205.6024067,5001,Cr2014,St09,2014,4,2014/4,Spring
Or2Cr2014St09,208.745407,6001,Cr2014,St09,2014,4,2014/4,Spring
Or2Cr2014St09,211.0018589,7001,Cr2014,St09,2014,4,2014/4,Spring
Or2Cr2014St09,212.6826483,8001,Cr2014,St09,2014,4,2014/4,Spring
Or2Cr2014St09,213.9700778,9001,Cr2014,St09,2014,4,2014/4,Spring
Or2Cr2014St09,214.9771545,10001,Cr2014,St09,2014,4,2014/4,Spring
Or2Cr2014St09,215.7772058,11001,Cr2014,St09,2014,4,2014/4,Spring
Or2Cr2014St09,216.419976,12001,Cr2014,St09,2014,4,2014/4,Spring
Or2Cr2014St09,216.9407417,13001,Cr2014,St09,2014,4,2014/4,Spring
Or2Cr2014St09,217,13129,Cr2014,St09,2014,4,2014/4,Spring
Or2Cr2014St11,1,1,Cr2014,St11,2014,4,2014/4,Spring
Or2Cr2014St11,144.1476023,1001,Cr2014,St11,2014,4,2014/4,Spring
Or2Cr2014St11,175.7630191,2001,Cr2014,St11,2014,4,2014/4,Spring
Or2Cr2014St11,189.7638176,3001,Cr2014,St11,2014,4,2014/4,Spring
Or2Cr2014St11,197.2164942,4001,Cr2014,St11,2014,4,2014/4,Spring
Or2Cr2014St11,201.6026991,5001,Cr2014,St11,2014,4,2014/4,Spring
Or2Cr2014St11,204.3411169,6001,Cr2014,St11,2014,4,2014/4,Spring
Or2Cr2014St11,206.1038208,7001,Cr2014,St11,2014,4,2014/4,Spring
Or2Cr2014St11,207.2482507,8001,Cr2014,St11,2014,4,2014/4,Spring
Or2Cr2014St11,207.9843131,9001,Cr2014,St11,2014,4,2014/4,Spring
Or2Cr2014St11,208.4463313,10001,Cr2014,St11,2014,4,2014/4,Spring
Or2Cr2014St11,208.7264507,11001,Cr2014,St11,2014,4,2014/4,Spring
Or2Cr2014St11,208.8911579,12001,Cr2014,St11,2014,4,2014/4,Spring
Or2Cr2014St11,208.990051,13001,Cr2014,St11,2014,4,2014/4,Spring
Or2Cr2014St11,209,13129,Cr2014,St11,2014,4,2014/4,Spring
Or2Cr2023St01,1,1,Cr2023,St01,2014,5,2014/5,Spring
Or2Cr2023St01,137.111269,1001,Cr2023,St01,2014,5,2014/5,Spring
Or2Cr2023St01,161.4089629,2001,Cr2023,St01,2014,5,2014/5,Spring
Or2Cr2023St01,171.378377,3001,Cr2023,St01,2014,5,2014/5,Spring
Or2Cr2023St01,176.4110053,4001,Cr2023,St01,2014,5,2014/5,Spring
Or2Cr2023St01,179.2608401,5001,Cr2023,St01,2014,5,2014/5,Spring
Or2Cr2023St01,181.0022588,6001,Cr2023,St01,2014,5,2014/5,Spring
Or2Cr2023St01,182.1220844,7001,Cr2023,St01,2014,5,2014/5,Spring
Or2Cr2023St01,182.8626903,8001,Cr2023,St01,2014,5,2014/5,Spring
Or2Cr2023St01,183.3543019,9001,Cr2023,St01,2014,5,2014/5,Spring
Or2Cr2023St01,183.6726033,10001,Cr2023,St01,2014,5,2014/5,Spring
Or2Cr2023St01,183.8655841,11001,Cr2023,St01,2014,5,2014/5,Spring
Or2Cr2023St01,183.9664147,12001,Cr2023,St01,2014,5,2014/5,Spring
Or2Cr2023St01,183.9996173,13001,Cr2023,St01,2014,5,2014/5,Spring
Or2Cr2023St01,184,13129,Cr2023,St01,2014,5,2014/5,Spring
Or2Cr2023St03,1,1,Cr2023,St03,2014,5,2014/5,Spring
Or2Cr2023St03,124.7306969,1001,Cr2023,St03,2014,5,2014/5,Spring
Or2Cr2023St03,159.9293169,2001,Cr2023,St03,2014,5,2014/5,Spring
Or2Cr2023St03,178.575351,3001,Cr2023,St03,2014,5,2014/5,Spring
Or2Cr2023St03,190.4114955,4001,Cr2023,St03,2014,5,2014/5,Spring
Or2Cr2023St03,198.6363847,5001,Cr2023,St03,2014,5,2014/5,Spring
Or2Cr2023St03,204.6582477,6001,Cr2023,St03,2014,5,2014/5,Spring
Or2Cr2023St03,209.2229163,7001,Cr2023,St03,2014,5,2014/5,Spring
Or2Cr2023St03,212.7756226,8001,Cr2023,St03,2014,5,2014/5,Spring
Or2Cr2023St03,215.6039321,9001,Cr2023,St03,2014,5,2014/5,Spring
Or2Cr2023St03,217.9035637,10001,Cr2023,St03,2014,5,2014/5,Spring
Or2Cr2023St03,219.8125286,11001,Cr2023,St03,2014,5,2014/5,Spring
Or2Cr2023St03,221.4308241,12001,Cr2023,St03,2014,5,2014/5,Spring
Or2Cr2023St03,222.8330166,13001,Cr2023,St03,2014,5,2014/5,Spring
Or2Cr2023St03,223,13129,Cr2023,St03,2014,5,2014/5,Spring
Or2Cr2023St05,1,1,Cr2023,St05,2014,5,2014/5,Spring
Or2Cr2023St05,67.20310554,1001,Cr2023,St05,2014,5,2014/5,Spring
Or2Cr2023St05,79.82715364,2001,Cr2023,St05,2014,5,2014/5,Spring
Or2Cr2023St05,85.19725002,3001,Cr2023,St05,2014,5,2014/5,Spring
Or2Cr2023St05,87.87945255,4001,Cr2023,St05,2014,5,2014/5,Spring
Or2Cr2023St05,89.3192381,5001,Cr2023,St05,2014,5,2014/5,Spring
Or2Cr2023St05,90.1118568,6001,Cr2023,St05,2014,5,2014/5,Spring
Or2Cr2023St05,90.54765679,7001,Cr2023,St05,2014,5,2014/5,Spring
Or2Cr2023St05,90.78271935,8001,Cr2023,St05,2014,5,2014/5,Spring
Or2Cr2023St05,90.90487102,9001,Cr2023,St05,2014,5,2014/5,Spring
Or2Cr2023St05,90.96436329,10001,Cr2023,St05,2014,5,2014/5,Spring
Or2Cr2023St05,90.99006754,11001,Cr2023,St05,2014,5,2014/5,Spring
Or2Cr2023St05,90.99865123,12001,Cr2023,St05,2014,5,2014/5,Spring
Or2Cr2023St05,90.99999818,13001,Cr2023,St05,2014,5,2014/5,Spring
Or2Cr2023St05,91,13129,Cr2023,St05,2014,5,2014/5,Spring
Or2Cr2023St07,1,1,Cr2023,St07,2014,5,2014/5,Spring
Or2Cr2023St07,102.9886602,1001,Cr2023,St07,2014,5,2014/5,Spring
Or2Cr2023St07,122.1646505,2001,Cr2023,St07,2014,5,2014/5,Spring
Or2Cr2023St07,130.7305427,3001,Cr2023,St07,2014,5,2014/5,Spring
Or2Cr2023St07,135.5581255,4001,Cr2023,St07,2014,5,2014/5,Spring
Or2Cr2023St07,138.6488286,5001,Cr2023,St07,2014,5,2014/5,Spring
Or2Cr2023St07,140.8035846,6001,Cr2023,St07,2014,5,2014/5,Spring
Or2Cr2023St07,142.3970017,7001,Cr2023,St07,2014,5,2014/5,Spring
Or2Cr2023St07,143.6232007,8001,Cr2023,St07,2014,5,2014/5,Spring
Or2Cr2023St07,144.5918724,9001,Cr2023,St07,2014,5,2014/5,Spring
Or2Cr2023St07,145.3703337,10001,Cr2023,St07,2014,5,2014/5,Spring
Or2Cr2023St07,146.0032154,11001,Cr2023,St07,2014,5,2014/5,Spring
Or2Cr2023St07,146.5221293,12001,Cr2023,St07,2014,5,2014/5,Spring
Or2Cr2023St07,146.9506816,13001,Cr2023,St07,2014,5,2014/5,Spring
Or2Cr2023St07,147,13129,Cr2023,St07,2014,5,2014/5,Spring
Or2Cr2023St09,1,1,Cr2023,St09,2014,5,2014/5,Spring
Or2Cr2023St09,139.6616122,1001,Cr2023,St09,2014,5,2014/5,Spring
Or2Cr2023St09,166.404811,2001,Cr2023,St09,2014,5,2014/5,Spring
Or2Cr2023St09,179.2110339,3001,Cr2023,St09,2014,5,2014/5,Spring
Or2Cr2023St09,186.8979662,4001,Cr2023,St09,2014,5,2014/5,Spring
Or2Cr2023St09,191.997678,5001,Cr2023,St09,2014,5,2014/5,Spring
Or2Cr2023St09,195.5548503,6001,Cr2023,St09,2014,5,2014/5,Spring
Or2Cr2023St09,198.1025641,7001,Cr2023,St09,2014,5,2014/5,Spring
Or2Cr2023St09,199.9538962,8001,Cr2023,St09,2014,5,2014/5,Spring
Or2Cr2023St09,201.3100874,9001,Cr2023,St09,2014,5,2014/5,Spring
Or2Cr2023St09,202.3074344,10001,Cr2023,St09,2014,5,2014/5,Spring
Or2Cr2023St09,203.0406632,11001,Cr2023,St09,2014,5,2014/5,Spring
Or2Cr2023St09,203.5761323,12001,Cr2023,St09,2014,5,2014/5,Spring
Or2Cr2023St09,203.9600509,13001,Cr2023,St09,2014,5,2014/5,Spring
Or2Cr2023St09,204,13129,Cr2023,St09,2014,5,2014/5,Spring
Or2Cr2023St11,1,1,Cr2023,St11,2014,5,2014/5,Spring
Or2Cr2023St11,148.4846587,1001,Cr2023,St11,2014,5,2014/5,Spring
Or2Cr2023St11,179.4687907,2001,Cr2023,St11,2014,5,2014/5,Spring
Or2Cr2023St11,193.0537052,3001,Cr2023,St11,2014,5,2014/5,Spring
Or2Cr2023St11,200.1198629,4001,Cr2023,St11,2014,5,2014/5,Spring
Or2Cr2023St11,204.1641701,5001,Cr2023,St11,2014,5,2014/5,Spring
Or2Cr2023St11,206.643605,6001,Cr2023,St11,2014,5,2014/5,Spring
Or2Cr2023St11,208.2521907,7001,Cr2023,St11,2014,5,2014/5,Spring
Or2Cr2023St11,209.3523413,8001,Cr2023,St11,2014,5,2014/5,Spring
Or2Cr2023St11,210.145581,9001,Cr2023,St11,2014,5,2014/5,Spring
Or2Cr2023St11,210.7481207,10001,Cr2023,St11,2014,5,2014/5,Spring
Or2Cr2023St11,211.2279023,11001,Cr2023,St11,2014,5,2014/5,Spring
Or2Cr2023St11,211.6245107,12001,Cr2023,St11,2014,5,2014/5,Spring
Or2Cr2023St11,211.9606223,13001,Cr2023,St11,2014,5,2014/5,Spring
Or2Cr2023St11,212,13129,Cr2023,St11,2014,5,2014/5,Spring
Or2Cr2039St01,1,1,Cr2039,St01,2014,7,2014/7,Summer
Or2Cr2039St01,134.2492417,1001,Cr2039,St01,2014,7,2014/7,Summer
Or2Cr2039St01,175.8950386,2001,Cr2039,St01,2014,7,2014/7,Summer
Or2Cr2039St01,199.2820574,3001,Cr2039,St01,2014,7,2014/7,Summer
Or2Cr2039St01,214.4024414,4001,Cr2039,St01,2014,7,2014/7,Summer
Or2Cr2039St01,225.0394184,5001,Cr2039,St01,2014,7,2014/7,Summer
Or2Cr2039St01,232.9692622,6001,Cr2039,St01,2014,7,2014/7,Summer
Or2Cr2039St01,239.1407193,7001,Cr2039,St01,2014,7,2014/7,Summer
Or2Cr2039St01,244.1085325,8001,Cr2039,St01,2014,7,2014/7,Summer
Or2Cr2039St01,248.2195567,9001,Cr2039,St01,2014,7,2014/7,Summer
Or2Cr2039St01,251.701811,10001,Cr2039,St01,2014,7,2014/7,Summer
Or2Cr2039St01,254.7108757,11001,Cr2039,St01,2014,7,2014/7,Summer
Or2Cr2039St01,257.3559383,12001,Cr2039,St01,2014,7,2014/7,Summer
Or2Cr2039St01,259.7154587,13001,Cr2039,St01,2014,7,2014/7,Summer
Or2Cr2039St01,260,13129,Cr2039,St01,2014,7,2014/7,Summer
Or2Cr2039St03,1,1,Cr2039,St03,2014,7,2014/7,Summer
Or2Cr2039St03,151.1176126,1001,Cr2039,St03,2014,7,2014/7,Summer
Or2Cr2039St03,193.2794195,2001,Cr2039,St03,2014,7,2014/7,Summer
Or2Cr2039St03,215.9163895,3001,Cr2039,St03,2014,7,2014/7,Summer
Or2Cr2039St03,230.18685,4001,Cr2039,St03,2014,7,2014/7,Summer
Or2Cr2039St03,240.1058014,5001,Cr2039,St03,2014,7,2014/7,Summer
Or2Cr2039St03,247.4458342,6001,Cr2039,St03,2014,7,2014/7,Summer
Or2Cr2039St03,253.0962042,7001,Cr2039,St03,2014,7,2014/7,Summer
Or2Cr2039St03,257.5535042,8001,Cr2039,St03,2014,7,2014/7,Summer
Or2Cr2039St03,261.1227689,9001,Cr2039,St03,2014,7,2014/7,Summer
Or2Cr2039St03,264.0072778,10001,Cr2039,St03,2014,7,2014/7,Summer
Or2Cr2039St03,266.3514022,11001,Cr2039,St03,2014,7,2014/7,Summer
Or2Cr2039St03,268.2623622,12001,Cr2039,St03,2014,7,2014/7,Summer
Or2Cr2039St03,269.8222279,13001,Cr2039,St03,2014,7,2014/7,Summer
Or2Cr2039St03,270,13129,Cr2039,St03,2014,7,2014/7,Summer
Or2Cr2039St05,1,1,Cr2039,St05,2014,7,2014/7,Summer
Or2Cr2039St05,108.0020424,1001,Cr2039,St05,2014,7,2014/7,Summer
Or2Cr2039St05,130.5857569,2001,Cr2039,St05,2014,7,2014/7,Summer
Or2Cr2039St05,141.4387,3001,Cr2039,St05,2014,7,2014/7,Summer
Or2Cr2039St05,147.9231451,4001,Cr2039,St05,2014,7,2014/7,Summer
Or2Cr2039St05,152.2606603,5001,Cr2039,St05,2014,7,2014/7,Summer
Or2Cr2039St05,155.3582435,6001,Cr2039,St05,2014,7,2014/7,Summer
Or2Cr2039St05,157.6630367,7001,Cr2039,St05,2014,7,2014/7,Summer
Or2Cr2039St05,159.4246325,8001,Cr2039,St05,2014,7,2014/7,Summer
Or2Cr2039St05,160.7952008,9001,Cr2039,St05,2014,7,2014/7,Summer
Or2Cr2039St05,161.873824,10001,Cr2039,St05,2014,7,2014/7,Summer
Or2Cr2039St05,162.7281607,11001,Cr2039,St05,2014,7,2014/7,Summer
Or2Cr2039St05,163.4057967,12001,Cr2039,St05,2014,7,2014/7,Summer
Or2Cr2039St05,163.940554,13001,Cr2039,St05,2014,7,2014/7,Summer
Or2Cr2039St05,164,13129,Cr2039,St05,2014,7,2014/7,Summer
Or2Cr2039St07,1,1,Cr2039,St07,2014,7,2014/7,Summer
Or2Cr2039St07,146.458025,1001,Cr2039,St07,2014,7,2014/7,Summer
Or2Cr2039St07,186.6473572,2001,Cr2039,St07,2014,7,2014/7,Summer
Or2Cr2039St07,208.9164515,3001,Cr2039,St07,2014,7,2014/7,Summer
Or2Cr2039St07,223.1182125,4001,Cr2039,St07,2014,7,2014/7,Summer
Or2Cr2039St07,232.8393717,5001,Cr2039,St07,2014,7,2014/7,Summer
Or2Cr2039St07,239.7893999,6001,Cr2039,St07,2014,7,2014/7,Summer
Or2Cr2039St07,244.9147405,7001,Cr2039,St07,2014,7,2014/7,Summer
Or2Cr2039St07,248.7893095,8001,Cr2039,St07,2014,7,2014/7,Summer
Or2Cr2039St07,251.7819412,9001,Cr2039,St07,2014,7,2014/7,Summer
Or2Cr2039St07,254.1391555,10001,Cr2039,St07,2014,7,2014/7,Summer
Or2Cr2039St07,256.0302028,11001,Cr2039,St07,2014,7,2014/7,Summer
Or2Cr2039St07,257.5733472,12001,Cr2039,St07,2014,7,2014/7,Summer
Or2Cr2039St07,258.852139,13001,Cr2039,St07,2014,7,2014/7,Summer
Or2Cr2039St07,259,13129,Cr2039,St07,2014,7,2014/7,Summer
Or2Cr2039St09,1,1,Cr2039,St09,2014,7,2014/7,Summer
Or2Cr2039St09,219.7982258,1001,Cr2039,St09,2014,7,2014/7,Summer
Or2Cr2039St09,273.2679993,2001,Cr2039,St09,2014,7,2014/7,Summer
Or2Cr2039St09,299.6555122,3001,Cr2039,St09,2014,7,2014/7,Summer
Or2Cr2039St09,315.830156,4001,Cr2039,St09,2014,7,2014/7,Summer
Or2Cr2039St09,327.0056716,5001,Cr2039,St09,2014,7,2014/7,Summer
Or2Cr2039St09,335.3270962,6001,Cr2039,St09,2014,7,2014/7,Summer
Or2Cr2039St09,341.8408669,7001,Cr2039,St09,2014,7,2014/7,Summer
Or2Cr2039St09,347.1212726,8001,Cr2039,St09,2014,7,2014/7,Summer
Or2Cr2039St09,351.5126492,9001,Cr2039,St09,2014,7,2014/7,Summer
Or2Cr2039St09,355.2365114,10001,Cr2039,St09,2014,7,2014/7,Summer
Or2Cr2039St09,358.4435185,11001,Cr2039,St09,2014,7,2014/7,Summer
Or2Cr2039St09,361.2404835,12001,Cr2039,St09,2014,7,2014/7,Summer
Or2Cr2039St09,363.705332,13001,Cr2039,St09,2014,7,2014/7,Summer
Or2Cr2039St09,364,13129,Cr2039,St09,2014,7,2014/7,Summer
Or2Cr2039St11,1,1,Cr2039,St11,2014,7,2014/7,Summer
Or2Cr2039St11,131.8071298,1001,Cr2039,St11,2014,7,2014/7,Summer
Or2Cr2039St11,166.5757306,2001,Cr2039,St11,2014,7,2014/7,Summer
Or2Cr2039St11,184.3569891,3001,Cr2039,St11,2014,7,2014/7,Summer
Or2Cr2039St11,195.5588101,4001,Cr2039,St11,2014,7,2014/7,Summer
Or2Cr2039St11,203.4607693,5001,Cr2039,St11,2014,7,2014/7,Summer
Or2Cr2039St11,209.4203386,6001,Cr2039,St11,2014,7,2014/7,Summer
Or2Cr2039St11,214.1206016,7001,Cr2039,St11,2014,7,2014/7,Summer
Or2Cr2039St11,217.958471,8001,Cr2039,St11,2014,7,2014/7,Summer
Or2Cr2039St11,221.1870361,9001,Cr2039,St11,2014,7,2014/7,Summer
Or2Cr2039St11,223.9767613,10001,Cr2039,St11,2014,7,2014/7,Summer
Or2Cr2039St11,226.4465231,11001,Cr2039,St11,2014,7,2014/7,Summer
Or2Cr2039St11,228.6816757,12001,Cr2039,St11,2014,7,2014/7,Summer
Or2Cr2039St11,230.7455576,13001,Cr2039,St11,2014,7,2014/7,Summer
Or2Cr2039St11,231,13129,Cr2039,St11,2014,7,2014/7,Summer
Or2Cr2046St01,1,1,Cr2046,St01,2014,8,2014/8,Summer
Or2Cr2046St01,127.4606622,1001,Cr2046,St01,2014,8,2014/8,Summer
Or2Cr2046St01,158.6451256,2001,Cr2046,St01,2014,8,2014/8,Summer
Or2Cr2046St01,175.5821688,3001,Cr2046,St01,2014,8,2014/8,Summer
Or2Cr2046St01,186.2007782,4001,Cr2046,St01,2014,8,2014/8,Summer
Or2Cr2046St01,193.3277024,5001,Cr2046,St01,2014,8,2014/8,Summer
Or2Cr2046St01,198.3112692,6001,Cr2046,St01,2014,8,2014/8,Summer
Or2Cr2046St01,201.8966719,7001,Cr2046,St01,2014,8,2014/8,Summer
Or2Cr2046St01,204.5341062,8001,Cr2046,St01,2014,8,2014/8,Summer
Or2Cr2046St01,206.5121663,9001,Cr2046,St01,2014,8,2014/8,Summer
Or2Cr2046St01,208.0239189,10001,Cr2046,St01,2014,8,2014/8,Summer
Or2Cr2046St01,209.2026768,11001,Cr2046,St01,2014,8,2014/8,Summer
Or2Cr2046St01,210.1426168,12001,Cr2046,St01,2014,8,2014/8,Summer
Or2Cr2046St01,210.9112984,13001,Cr2046,St01,2014,8,2014/8,Summer
Or2Cr2046St01,211,13129,Cr2046,St01,2014,8,2014/8,Summer
Or2Cr2046St03,1,1,Cr2046,St03,2014,8,2014/8,Summer
Or2Cr2046St03,123.0620847,1001,Cr2046,St03,2014,8,2014/8,Summer
Or2Cr2046St03,152.3292168,2001,Cr2046,St03,2014,8,2014/8,Summer
Or2Cr2046St03,168.2795603,3001,Cr2046,St03,2014,8,2014/8,Summer
Or2Cr2046St03,178.5701229,4001,Cr2046,St03,2014,8,2014/8,Summer
Or2Cr2046St03,185.8133316,5001,Cr2046,St03,2014,8,2014/8,Summer
Or2Cr2046St03,191.1879342,6001,Cr2046,St03,2014,8,2014/8,Summer
Or2Cr2046St03,195.3188776,7001,Cr2046,St03,2014,8,2014/8,Summer
Or2Cr2046St03,198.5755539,8001,Cr2046,St03,2014,8,2014/8,Summer
Or2Cr2046St03,201.1937519,9001,Cr2046,St03,2014,8,2014/8,Summer
Or2Cr2046St03,203.3326988,10001,Cr2046,St03,2014,8,2014/8,Summer
Or2Cr2046St03,205.1045802,11001,Cr2046,St03,2014,8,2014/8,Summer
Or2Cr2046St03,206.5909574,12001,Cr2046,St03,2014,8,2014/8,Summer
Or2Cr2046St03,207.8523313,13001,Cr2046,St03,2014,8,2014/8,Summer
Or2Cr2046St03,208,13129,Cr2046,St03,2014,8,2014/8,Summer
Or2Cr2046St05,1,1,Cr2046,St05,2014,8,2014/8,Summer
Or2Cr2046St05,118.7090357,1001,Cr2046,St05,2014,8,2014/8,Summer
Or2Cr2046St05,149.0127723,2001,Cr2046,St05,2014,8,2014/8,Summer
Or2Cr2046St05,165.4183635,3001,Cr2046,St05,2014,8,2014/8,Summer
Or2Cr2046St05,175.877557,4001,Cr2046,St05,2014,8,2014/8,Summer
Or2Cr2046St05,183.1583107,5001,Cr2046,St05,2014,8,2014/8,Summer
Or2Cr2046St05,188.5291281,6001,Cr2046,St05,2014,8,2014/8,Summer
Or2Cr2046St05,192.665111,7001,Cr2046,St05,2014,8,2014/8,Summer
Or2Cr2046St05,195.9578282,8001,Cr2046,St05,2014,8,2014/8,Summer
Or2Cr2046St05,198.6479929,9001,Cr2046,St05,2014,8,2014/8,Summer
Or2Cr2046St05,200.8908006,10001,Cr2046,St05,2014,8,2014/8,Summer
Or2Cr2046St05,202.7906768,11001,Cr2046,St05,2014,8,2014/8,Summer
Or2Cr2046St05,204.4205388,12001,Cr2046,St05,2014,8,2014/8,Summer
Or2Cr2046St05,205.8328343,13001,Cr2046,St05,2014,8,2014/8,Summer
Or2Cr2046St05,206,13129,Cr2046,St05,2014,8,2014/8,Summer
Or2Cr2046St07,1,1,Cr2046,St07,2014,8,2014/8,Summer
Or2Cr2046St07,89.72449856,1001,Cr2046,St07,2014,8,2014/8,Summer
Or2Cr2046St07,109.1332391,2001,Cr2046,St07,2014,8,2014/8,Summer
Or2Cr2046St07,119.6068721,3001,Cr2046,St07,2014,8,2014/8,Summer
Or2Cr2046St07,126.2865674,4001,Cr2046,St07,2014,8,2014/8,Summer
Or2Cr2046St07,130.9529063,5001,Cr2046,St07,2014,8,2014/8,Summer
Or2Cr2046St07,134.3999045,6001,Cr2046,St07,2014,8,2014/8,Summer
Or2Cr2046St07,137.0408164,7001,Cr2046,St07,2014,8,2014/8,Summer
Or2Cr2046St07,139.115989,8001,Cr2046,St07,2014,8,2014/8,Summer
Or2Cr2046St07,140.776852,9001,Cr2046,St07,2014,8,2014/8,Summer
Or2Cr2046St07,142.124672,10001,Cr2046,St07,2014,8,2014/8,Summer
Or2Cr2046St07,143.2304957,11001,Cr2046,St07,2014,8,2014/8,Summer
Or2Cr2046St07,144.1462564,12001,Cr2046,St07,2014,8,2014/8,Summer
Or2Cr2046St07,144.911303,13001,Cr2046,St07,2014,8,2014/8,Summer
Or2Cr2046St07,145,13129,Cr2046,St07,2014,8,2014/8,Summer
Or2Cr2046St09,1,1,Cr2046,St09,2014,8,2014/8,Summer
Or2Cr2046St09,96.46294444,1001,Cr2046,St09,2014,8,2014/8,Summer
Or2Cr2046St09,117.5076877,2001,Cr2046,St09,2014,8,2014/8,Summer
Or2Cr2046St09,128.0286314,3001,Cr2046,St09,2014,8,2014/8,Summer
Or2Cr2046St09,134.3306396,4001,Cr2046,St09,2014,8,2014/8,Summer
Or2Cr2046St09,138.4139559,5001,Cr2046,St09,2014,8,2014/8,Summer
Or2Cr2046St09,141.1677291,6001,Cr2046,St09,2014,8,2014/8,Summer
Or2Cr2046St09,143.0675781,7001,Cr2046,St09,2014,8,2014/8,Summer
Or2Cr2046St09,144.396255,8001,Cr2046,St09,2014,8,2014/8,Summer
Or2Cr2046St09,145.3322563,9001,Cr2046,St09,2014,8,2014/8,Summer
Or2Cr2046St09,145.9922933,10001,Cr2046,St09,2014,8,2014/8,Summer
Or2Cr2046St09,146.4544017,11001,Cr2046,St09,2014,8,2014/8,Summer
Or2Cr2046St09,146.7715299,12001,Cr2046,St09,2014,8,2014/8,Summer
Or2Cr2046St09,146.9798345,13001,Cr2046,St09,2014,8,2014/8,Summer
Or2Cr2046St09,147,13129,Cr2046,St09,2014,8,2014/8,Summer
Or2Cr2046St11,1,1,Cr2046,St11,2014,8,2014/8,Summer
Or2Cr2046St11,153.4327023,1001,Cr2046,St11,2014,8,2014/8,Summer
Or2Cr2046St11,190.388589,2001,Cr2046,St11,2014,8,2014/8,Summer
Or2Cr2046St11,209.7456321,3001,Cr2046,St11,2014,8,2014/8,Summer
Or2Cr2046St11,222.2253258,4001,Cr2046,St11,2014,8,2014/8,Summer
Or2Cr2046St11,231.0964483,5001,Cr2046,St11,2014,8,2014/8,Summer
Or2Cr2046St11,237.7523047,6001,Cr2046,St11,2014,8,2014/8,Summer
Or2Cr2046St11,242.9197876,7001,Cr2046,St11,2014,8,2014/8,Summer
Or2Cr2046St11,247.0273408,8001,Cr2046,St11,2014,8,2014/8,Summer
Or2Cr2046St11,250.3487906,9001,Cr2046,St11,2014,8,2014/8,Summer
Or2Cr2046St11,253.0703801,10001,Cr2046,St11,2014,8,2014/8,Summer
Or2Cr2046St11,255.3255235,11001,Cr2046,St11,2014,8,2014/8,Summer
Or2Cr2046St11,257.2139862,12001,Cr2046,St11,2014,8,2014/8,Summer
Or2Cr2046St11,258.812951,13001,Cr2046,St11,2014,8,2014/8,Summer
Or2Cr2046St11,259,13129,Cr2046,St11,2014,8,2014/8,Summer
Or2Cr2053St01,1,1,Cr2053,St01,2014,9,2014/9,Autumn
Or2Cr2053St01,117.4969808,1001,Cr2053,St01,2014,9,2014/9,Autumn
Or2Cr2053St01,138.238609,2001,Cr2053,St01,2014,9,2014/9,Autumn
Or2Cr2053St01,147.1643182,3001,Cr2053,St01,2014,9,2014/9,Autumn
Or2Cr2053St01,152.0175651,4001,Cr2053,St01,2014,9,2014/9,Autumn
Or2Cr2053St01,155.048797,5001,Cr2053,St01,2014,9,2014/9,Autumn
Or2Cr2053St01,157.1260349,6001,Cr2053,St01,2014,9,2014/9,Autumn
Or2Cr2053St01,158.6422144,7001,Cr2053,St01,2014,9,2014/9,Autumn
Or2Cr2053St01,159.7976648,8001,Cr2053,St01,2014,9,2014/9,Autumn
Or2Cr2053St01,160.7053877,9001,Cr2053,St01,2014,9,2014/9,Autumn
Or2Cr2053St01,161.4349707,10001,Cr2053,St01,2014,9,2014/9,Autumn
Or2Cr2053St01,162.0324716,11001,Cr2053,St01,2014,9,2014/9,Autumn
Or2Cr2053St01,162.5300341,12001,Cr2053,St01,2014,9,2014/9,Autumn
Or2Cr2053St01,162.9507768,13001,Cr2053,St01,2014,9,2014/9,Autumn
Or2Cr2053St01,163,13129,Cr2053,St01,2014,9,2014/9,Autumn
Or2Cr2053St03,1,1,Cr2053,St03,2014,9,2014/9,Autumn
Or2Cr2053St03,106.132404,1001,Cr2053,St03,2014,9,2014/9,Autumn
Or2Cr2053St03,138.1236751,2001,Cr2053,St03,2014,9,2014/9,Autumn
Or2Cr2053St03,155.8906325,3001,Cr2053,St03,2014,9,2014/9,Autumn
Or2Cr2053St03,167.5758408,4001,Cr2053,St03,2014,9,2014/9,Autumn
Or2Cr2053St03,176.0566825,5001,Cr2053,St03,2014,9,2014/9,Autumn
Or2Cr2053St03,182.6020154,6001,Cr2053,St03,2014,9,2014/9,Autumn
Or2Cr2053St03,187.8601576,7001,Cr2053,St03,2014,9,2014/9,Autumn
Or2Cr2053St03,192.1983991,8001,Cr2053,St03,2014,9,2014/9,Autumn
Or2Cr2053St03,195.8410979,9001,Cr2053,St03,2014,9,2014/9,Autumn
Or2Cr2053St03,198.9336958,10001,Cr2053,St03,2014,9,2014/9,Autumn
Or2Cr2053St03,201.5754686,11001,Cr2053,St03,2014,9,2014/9,Autumn
Or2Cr2053St03,203.8375588,12001,Cr2053,St03,2014,9,2014/9,Autumn
Or2Cr2053St03,205.7734873,13001,Cr2053,St03,2014,9,2014/9,Autumn
Or2Cr2053St03,206,13129,Cr2053,St03,2014,9,2014/9,Autumn
Or2Cr2053St05,1,1,Cr2053,St05,2014,9,2014/9,Autumn
Or2Cr2053St05,141.9779266,1001,Cr2053,St05,2014,9,2014/9,Autumn
Or2Cr2053St05,168.4019726,2001,Cr2053,St05,2014,9,2014/9,Autumn
Or2Cr2053St05,181.3846,3001,Cr2053,St05,2014,9,2014/9,Autumn
Or2Cr2053St05,189.3684098,4001,Cr2053,St05,2014,9,2014/9,Autumn
Or2Cr2053St05,194.8306678,5001,Cr2053,St05,2014,9,2014/9,Autumn
Or2Cr2053St05,198.8146999,6001,Cr2053,St05,2014,9,2014/9,Autumn
Or2Cr2053St05,201.8483187,7001,Cr2053,St05,2014,9,2014/9,Autumn
Or2Cr2053St05,204.2297294,8001,Cr2053,St05,2014,9,2014/9,Autumn
Or2Cr2053St05,206.1404181,9001,Cr2053,St05,2014,9,2014/9,Autumn
Or2Cr2053St05,207.6969029,10001,Cr2053,St05,2014,9,2014/9,Autumn
Or2Cr2053St05,208.9768629,11001,Cr2053,St05,2014,9,2014/9,Autumn
Or2Cr2053St05,210.0330928,12001,Cr2053,St05,2014,9,2014/9,Autumn
Or2Cr2053St05,210.9011799,13001,Cr2053,St05,2014,9,2014/9,Autumn
Or2Cr2053St05,211,13129,Cr2053,St05,2014,9,2014/9,Autumn
Or2Cr2053St07,1,1,Cr2053,St07,2014,9,2014/9,Autumn
Or2Cr2053St07,207.8333022,1001,Cr2053,St07,2014,9,2014/9,Autumn
Or2Cr2053St07,259.5888043,2001,Cr2053,St07,2014,9,2014/9,Autumn
Or2Cr2053St07,285.9699471,3001,Cr2053,St07,2014,9,2014/9,Autumn
Or2Cr2053St07,302.283908,4001,Cr2053,St07,2014,9,2014/9,Autumn
Or2Cr2053St07,313.4359932,5001,Cr2053,St07,2014,9,2014/9,Autumn
Or2Cr2053St07,321.5335229,6001,Cr2053,St07,2014,9,2014/9,Autumn
Or2Cr2053St07,327.6535334,7001,Cr2053,St07,2014,9,2014/9,Autumn
Or2Cr2053St07,332.4147466,8001,Cr2053,St07,2014,9,2014/9,Autumn
Or2Cr2053St07,336.2037889,9001,Cr2053,St07,2014,9,2014/9,Autumn
Or2Cr2053St07,339.2780529,10001,Cr2053,St07,2014,9,2014/9,Autumn
Or2Cr2053St07,341.8175775,11001,Cr2053,St07,2014,9,2014/9,Autumn
Or2Cr2053St07,343.9533594,12001,Cr2053,St07,2014,9,2014/9,Autumn
Or2Cr2053St07,345.7836991,13001,Cr2053,St07,2014,9,2014/9,Autumn
Or2Cr2053St07,346,13129,Cr2053,St07,2014,9,2014/9,Autumn
Or2Cr2053St09,1,1,Cr2053,St09,2014,9,2014/9,Autumn
Or2Cr2053St09,196.9992701,1001,Cr2053,St09,2014,9,2014/9,Autumn
Or2Cr2053St09,242.4052027,2001,Cr2053,St09,2014,9,2014/9,Autumn
Or2Cr2053St09,264.4327038,3001,Cr2053,St09,2014,9,2014/9,Autumn
Or2Cr2053St09,277.6348368,4001,Cr2053,St09,2014,9,2014/9,Autumn
Or2Cr2053St09,286.5092058,5001,Cr2053,St09,2014,9,2014/9,Autumn
Or2Cr2053St09,292.8964301,6001,Cr2053,St09,2014,9,2014/9,Autumn
Or2Cr2053St09,297.6914301,7001,Cr2053,St09,2014,9,2014/9,Autumn
Or2Cr2053St09,301.3875382,8001,Cr2053,St09,2014,9,2014/9,Autumn
Or2Cr2053St09,304.2824812,9001,Cr2053,St09,2014,9,2014/9,Autumn
Or2Cr2053St09,306.5678382,10001,Cr2053,St09,2014,9,2014/9,Autumn
Or2Cr2053St09,308.3729137,11001,Cr2053,St09,2014,9,2014/9,Autumn
Or2Cr2053St09,309.7885165,12001,Cr2053,St09,2014,9,2014/9,Autumn
Or2Cr2053St09,310.8808232,13001,Cr2053,St09,2014,9,2014/9,Autumn
Or2Cr2053St09,311,13129,Cr2053,St09,2014,9,2014/9,Autumn
Or2Cr2053St11,1,1,Cr2053,St11,2014,9,2014/9,Autumn
Or2Cr2053St11,193.4840601,1001,Cr2053,St11,2014,9,2014/9,Autumn
Or2Cr2053St11,235.9165386,2001,Cr2053,St11,2014,9,2014/9,Autumn
Or2Cr2053St11,257.2545768,3001,Cr2053,St11,2014,9,2014/9,Autumn
Or2Cr2053St11,270.4986901,4001,Cr2053,St11,2014,9,2014/9,Autumn
Or2Cr2053St11,279.6810589,5001,Cr2053,St11,2014,9,2014/9,Autumn
Or2Cr2053St11,286.4687346,6001,Cr2053,St11,2014,9,2014/9,Autumn
Or2Cr2053St11,291.6794062,7001,Cr2053,St11,2014,9,2014/9,Autumn
Or2Cr2053St11,295.7706621,8001,Cr2053,St11,2014,9,2014/9,Autumn
Or2Cr2053St11,299.0270829,9001,Cr2053,St11,2014,9,2014/9,Autumn
Or2Cr2053St11,301.6405735,10001,Cr2053,St11,2014,9,2014/9,Autumn
Or2Cr2053St11,303.7487377,11001,Cr2053,St11,2014,9,2014/9,Autumn
Or2Cr2053St11,305.4552816,12001,Cr2053,St11,2014,9,2014/9,Autumn
Or2Cr2053St11,306.8420079,13001,Cr2053,St11,2014,9,2014/9,Autumn
Or2Cr2053St11,307,13129,Cr2053,St11,2014,9,2014/9,Autumn
Or2Cr2099St01,1,1,Cr2099,St01,2015,6,2015/6,Summer
Or2Cr2099St01,181.2032036,1001,Cr2099,St01,2015,6,2015/6,Summer
Or2Cr2099St01,249.7101408,2001,Cr2099,St01,2015,6,2015/6,Summer
Or2Cr2099St01,292.8570436,3001,Cr2099,St01,2015,6,2015/6,Summer
Or2Cr2099St01,323.2408842,4001,Cr2099,St01,2015,6,2015/6,Summer
Or2Cr2099St01,345.8799977,5001,Cr2099,St01,2015,6,2015/6,Summer
Or2Cr2099St01,363.4013311,6001,Cr2099,St01,2015,6,2015/6,Summer
Or2Cr2099St01,377.3636456,7001,Cr2099,St01,2015,6,2015/6,Summer
Or2Cr2099St01,388.7589896,8001,Cr2099,St01,2015,6,2015/6,Summer
Or2Cr2099St01,398.2476564,9001,Cr2099,St01,2015,6,2015/6,Summer
Or2Cr2099St01,406.2822654,10001,Cr2099,St01,2015,6,2015/6,Summer
Or2Cr2099St01,413.1787411,11001,Cr2099,St01,2015,6,2015/6,Summer
Or2Cr2099St01,419.159455,12001,Cr2099,St01,2015,6,2015/6,Summer
Or2Cr2099St01,424.3805714,13001,Cr2099,St01,2015,6,2015/6,Summer
Or2Cr2099St01,425,13129,Cr2099,St01,2015,6,2015/6,Summer
Or2Cr2099St03,1,1,Cr2099,St03,2015,6,2015/6,Summer
Or2Cr2099St03,175.5179008,1001,Cr2099,St03,2015,6,2015/6,Summer
Or2Cr2099St03,221.2385011,2001,Cr2099,St03,2015,6,2015/6,Summer
Or2Cr2099St03,244.8181731,3001,Cr2099,St03,2015,6,2015/6,Summer
Or2Cr2099St03,259.3561647,4001,Cr2099,St03,2015,6,2015/6,Summer
Or2Cr2099St03,269.1885491,5001,Cr2099,St03,2015,6,2015/6,Summer
Or2Cr2099St03,276.2293121,6001,Cr2099,St03,2015,6,2015/6,Summer
Or2Cr2099St03,281.4783514,7001,Cr2099,St03,2015,6,2015/6,Summer
Or2Cr2099St03,285.5167552,8001,Cr2099,St03,2015,6,2015/6,Summer
Or2Cr2099St03,288.7078224,9001,Cr2099,St03,2015,6,2015/6,Summer
Or2Cr2099St03,291.2911246,10001,Cr2099,St03,2015,6,2015/6,Summer
Or2Cr2099St03,293.4310747,11001,Cr2099,St03,2015,6,2015/6,Summer
Or2Cr2099St03,295.2438634,12001,Cr2099,St03,2015,6,2015/6,Summer
Or2Cr2099St03,296.8133291,13001,Cr2099,St03,2015,6,2015/6,Summer
Or2Cr2099St03,297,13129,Cr2099,St03,2015,6,2015/6,Summer
Or2Cr2099St05,1,1,Cr2099,St05,2015,6,2015/6,Summer
Or2Cr2099St05,195.1102994,1001,Cr2099,St05,2015,6,2015/6,Summer
Or2Cr2099St05,257.6486895,2001,Cr2099,St05,2015,6,2015/6,Summer
Or2Cr2099St05,293.0489635,3001,Cr2099,St05,2015,6,2015/6,Summer
Or2Cr2099St05,315.8950837,4001,Cr2099,St05,2015,6,2015/6,Summer
Or2Cr2099St05,331.7684442,5001,Cr2099,St05,2015,6,2015/6,Summer
Or2Cr2099St05,343.3778753,6001,Cr2099,St05,2015,6,2015/6,Summer
Or2Cr2099St05,352.2138452,7001,Cr2099,St05,2015,6,2015/6,Summer
Or2Cr2099St05,359.1642221,8001,Cr2099,St05,2015,6,2015/6,Summer
Or2Cr2099St05,364.7864583,9001,Cr2099,St05,2015,6,2015/6,Summer
Or2Cr2099St05,369.4428445,10001,Cr2099,St05,2015,6,2015/6,Summer
Or2Cr2099St05,373.3740409,11001,Cr2099,St05,2015,6,2015/6,Summer
Or2Cr2099St05,376.7419048,12001,Cr2099,St05,2015,6,2015/6,Summer
Or2Cr2099St05,379.6557333,13001,Cr2099,St05,2015,6,2015/6,Summer
Or2Cr2099St05,380,13129,Cr2099,St05,2015,6,2015/6,Summer
Or2Cr2099St07,1,1,Cr2099,St07,2015,6,2015/6,Summer
Or2Cr2099St07,245.0112432,1001,Cr2099,St07,2015,6,2015/6,Summer
Or2Cr2099St07,318.5704911,2001,Cr2099,St07,2015,6,2015/6,Summer
Or2Cr2099St07,357.8025004,3001,Cr2099,St07,2015,6,2015/6,Summer
Or2Cr2099St07,382.298131,4001,Cr2099,St07,2015,6,2015/6,Summer
Or2Cr2099St07,398.9606528,5001,Cr2099,St07,2015,6,2015/6,Summer
Or2Cr2099St07,410.9430451,6001,Cr2099,St07,2015,6,2015/6,Summer
Or2Cr2099St07,419.9081523,7001,Cr2099,St07,2015,6,2015/6,Summer
Or2Cr2099St07,426.8208581,8001,Cr2099,St07,2015,6,2015/6,Summer
Or2Cr2099St07,432.279988,9001,Cr2099,St07,2015,6,2015/6,Summer
Or2Cr2099St07,436.6750708,10001,Cr2099,St07,2015,6,2015/6,Summer
Or2Cr2099St07,440.2679361,11001,Cr2099,St07,2015,6,2015/6,Summer
Or2Cr2099St07,443.2388102,12001,Cr2099,St07,2015,6,2015/6,Summer
Or2Cr2099St07,445.7140357,13001,Cr2099,St07,2015,6,2015/6,Summer
Or2Cr2099St07,446,13129,Cr2099,St07,2015,6,2015/6,Summer
Or2Cr2099St09,1,1,Cr2099,St09,2015,6,2015/6,Summer
Or2Cr2099St09,181.141846,1001,Cr2099,St09,2015,6,2015/6,Summer
Or2Cr2099St09,229.6815603,2001,Cr2099,St09,2015,6,2015/6,Summer
Or2Cr2099St09,254.8637246,3001,Cr2099,St09,2015,6,2015/6,Summer
Or2Cr2099St09,270.3343028,4001,Cr2099,St09,2015,6,2015/6,Summer
Or2Cr2099St09,280.8451716,5001,Cr2099,St09,2015,6,2015/6,Summer
Or2Cr2099St09,288.4533063,6001,Cr2099,St09,2015,6,2015/6,Summer
Or2Cr2099St09,294.1909608,7001,Cr2099,St09,2015,6,2015/6,Summer
Or2Cr2099St09,298.6406871,8001,Cr2099,St09,2015,6,2015/6,Summer
Or2Cr2099St09,302.1623479,9001,Cr2099,St09,2015,6,2015/6,Summer
Or2Cr2099St09,304.9940894,10001,Cr2099,St09,2015,6,2015/6,Summer
Or2Cr2099St09,307.3026274,11001,Cr2099,St09,2015,6,2015/6,Summer
Or2Cr2099St09,309.2107068,12001,Cr2099,St09,2015,6,2015/6,Summer
Or2Cr2099St09,310.8129464,13001,Cr2099,St09,2015,6,2015/6,Summer
Or2Cr2099St09,311,13129,Cr2099,St09,2015,6,2015/6,Summer
Or2Cr2099St11,1,1,Cr2099,St11,2015,6,2015/6,Summer
Or2Cr2099St11,230.8768396,1001,Cr2099,St11,2015,6,2015/6,Summer
Or2Cr2099St11,303.3288606,2001,Cr2099,St11,2015,6,2015/6,Summer
Or2Cr2099St11,343.3179213,3001,Cr2099,St11,2015,6,2015/6,Summer
Or2Cr2099St11,369.0594037,4001,Cr2099,St11,2015,6,2015/6,Summer
Or2Cr2099St11,387.056957,5001,Cr2099,St11,2015,6,2015/6,Summer
Or2Cr2099St11,400.3212795,6001,Cr2099,St11,2015,6,2015/6,Summer
Or2Cr2099St11,410.4695091,7001,Cr2099,St11,2015,6,2015/6,Summer
Or2Cr2099St11,418.4588256,8001,Cr2099,St11,2015,6,2015/6,Summer
Or2Cr2099St11,424.8965318,9001,Cr2099,St11,2015,6,2015/6,Summer
Or2Cr2099St11,430.1879903,10001,Cr2099,St11,2015,6,2015/6,Summer
Or2Cr2099St11,434.6139831,11001,Cr2099,St11,2015,6,2015/6,Summer
Or2Cr2099St11,438.3746694,12001,Cr2099,St11,2015,6,2015/6,Summer
Or2Cr2099St11,441.6165344,13001,Cr2099,St11,2015,6,2015/6,Summer
Or2Cr2099St11,442,13129,Cr2099,St11,2015,6,2015/6,Summer
Or2Cr2109St01,1,1,Cr2109,St01,2015,7,2015/7,Summer
Or2Cr2109St01,116.8713838,1001,Cr2109,St01,2015,7,2015/7,Summer
Or2Cr2109St01,145.2519172,2001,Cr2109,St01,2015,7,2015/7,Summer
Or2Cr2109St01,161.0789073,3001,Cr2109,St01,2015,7,2015/7,Summer
Or2Cr2109St01,171.4131658,4001,Cr2109,St01,2015,7,2015/7,Summer
Or2Cr2109St01,178.7247562,5001,Cr2109,St01,2015,7,2015/7,Summer
Or2Cr2109St01,184.1698766,6001,Cr2109,St01,2015,7,2015/7,Summer
Or2Cr2109St01,188.3780257,7001,Cr2109,St01,2015,7,2015/7,Summer
Or2Cr2109St01,191.7267921,8001,Cr2109,St01,2015,7,2015/7,Summer
Or2Cr2109St01,194.4583881,9001,Cr2109,St01,2015,7,2015/7,Summer
Or2Cr2109St01,196.7356769,10001,Cr2109,St01,2015,7,2015/7,Summer
Or2Cr2109St01,198.6719307,11001,Cr2109,St01,2015,7,2015/7,Summer
Or2Cr2109St01,200.3480561,12001,Cr2109,St01,2015,7,2015/7,Summer
Or2Cr2109St01,201.8232717,13001,Cr2109,St01,2015,7,2015/7,Summer
Or2Cr2109St01,202,13129,Cr2109,St01,2015,7,2015/7,Summer
Or2Cr2109St03,1,1,Cr2109,St03,2015,7,2015/7,Summer
Or2Cr2109St03,114.0947838,1001,Cr2109,St03,2015,7,2015/7,Summer
Or2Cr2109St03,146.970279,2001,Cr2109,St03,2015,7,2015/7,Summer
Or2Cr2109St03,166.7268928,3001,Cr2109,St03,2015,7,2015/7,Summer
Or2Cr2109St03,180.5346658,4001,Cr2109,St03,2015,7,2015/7,Summer
Or2Cr2109St03,190.9158647,5001,Cr2109,St03,2015,7,2015/7,Summer
Or2Cr2109St03,199.0384195,6001,Cr2109,St03,2015,7,2015/7,Summer
Or2Cr2109St03,205.5500528,7001,Cr2109,St03,2015,7,2015/7,Summer
Or2Cr2109St03,210.8575219,8001,Cr2109,St03,2015,7,2015/7,Summer
Or2Cr2109St03,215.2377146,9001,Cr2109,St03,2015,7,2015/7,Summer
Or2Cr2109St03,218.8885012,10001,Cr2109,St03,2015,7,2015/7,Summer
Or2Cr2109St03,221.9552776,11001,Cr2109,St03,2015,7,2015/7,Summer
Or2Cr2109St03,224.5465448,12001,Cr2109,St03,2015,7,2015/7,Summer
Or2Cr2109St03,226.7438571,13001,Cr2109,St03,2015,7,2015/7,Summer
Or2Cr2109St03,227,13129,Cr2109,St03,2015,7,2015/7,Summer
Or2Cr2109St05,1,1,Cr2109,St05,2015,7,2015/7,Summer
Or2Cr2109St05,84.00177781,1001,Cr2109,St05,2015,7,2015/7,Summer
Or2Cr2109St05,106.0230931,2001,Cr2109,St05,2015,7,2015/7,Summer
Or2Cr2109St05,119.0979391,3001,Cr2109,St05,2015,7,2015/7,Summer
Or2Cr2109St05,128.1755538,4001,Cr2109,St05,2015,7,2015/7,Summer
Or2Cr2109St05,134.9936488,5001,Cr2109,St05,2015,7,2015/7,Summer
Or2Cr2109St05,140.3794187,6001,Cr2109,St05,2015,7,2015/7,Summer
Or2Cr2109St05,144.785817,7001,Cr2109,St05,2015,7,2015/7,Summer
Or2Cr2109St05,148.4825051,8001,Cr2109,St05,2015,7,2015/7,Summer
Or2Cr2109St05,151.6411323,9001,Cr2109,St05,2015,7,2015/7,Summer
Or2Cr2109St05,154.3776544,10001,Cr2109,St05,2015,7,2015/7,Summer
Or2Cr2109St05,156.774338,11001,Cr2109,St05,2015,7,2015/7,Summer
Or2Cr2109St05,158.8915348,12001,Cr2109,St05,2015,7,2015/7,Summer
Or2Cr2109St05,160.7741511,13001,Cr2109,St05,2015,7,2015/7,Summer
Or2Cr2109St05,161,13129,Cr2109,St05,2015,7,2015/7,Summer
Or2Cr2109St07,1,1,Cr2109,St07,2015,7,2015/7,Summer
Or2Cr2109St07,94.91844601,1001,Cr2109,St07,2015,7,2015/7,Summer
Or2Cr2109St07,116.9412338,2001,Cr2109,St07,2015,7,2015/7,Summer
Or2Cr2109St07,129.4239271,3001,Cr2109,St07,2015,7,2015/7,Summer
Or2Cr2109St07,137.6511662,4001,Cr2109,St07,2015,7,2015/7,Summer
Or2Cr2109St07,143.4384053,5001,Cr2109,St07,2015,7,2015/7,Summer
Or2Cr2109St07,147.6575712,6001,Cr2109,St07,2015,7,2015/7,Summer
Or2Cr2109St07,150.8022954,7001,Cr2109,St07,2015,7,2015/7,Summer
Or2Cr2109St07,153.1802899,8001,Cr2109,St07,2015,7,2015/7,Summer
Or2Cr2109St07,154.9958827,9001,Cr2109,St07,2015,7,2015/7,Summer
Or2Cr2109St07,156.3907515,10001,Cr2109,St07,2015,7,2015/7,Summer
Or2Cr2109St07,157.4659973,11001,Cr2109,St07,2015,7,2015/7,Summer
Or2Cr2109St07,158.2948914,12001,Cr2109,St07,2015,7,2015/7,Summer
Or2Cr2109St07,158.9305179,13001,Cr2109,St07,2015,7,2015/7,Summer
Or2Cr2109St07,159,13129,Cr2109,St07,2015,7,2015/7,Summer
Or2Cr2109St09,1,1,Cr2109,St09,2015,7,2015/7,Summer
Or2Cr2109St09,192.8484989,1001,Cr2109,St09,2015,7,2015/7,Summer
Or2Cr2109St09,237.9194303,2001,Cr2109,St09,2015,7,2015/7,Summer
Or2Cr2109St09,260.1335585,3001,Cr2109,St09,2015,7,2015/7,Summer
Or2Cr2109St09,273.4397653,4001,Cr2109,St09,2015,7,2015/7,Summer
Or2Cr2109St09,282.3208134,5001,Cr2109,St09,2015,7,2015/7,Summer
Or2Cr2109St09,288.6427407,6001,Cr2109,St09,2015,7,2015/7,Summer
Or2Cr2109St09,293.3243657,7001,Cr2109,St09,2015,7,2015/7,Summer
Or2Cr2109St09,296.8805043,8001,Cr2109,St09,2015,7,2015/7,Summer
Or2Cr2109St09,299.6288073,9001,Cr2109,St09,2015,7,2015/7,Summer
Or2Cr2109St09,301.7787789,10001,Cr2109,St09,2015,7,2015/7,Summer
Or2Cr2109St09,303.4745414,11001,Cr2109,St09,2015,7,2015/7,Summer
Or2Cr2109St09,304.8177507,12001,Cr2109,St09,2015,7,2015/7,Summer
Or2Cr2109St09,305.8812005,13001,Cr2109,St09,2015,7,2015/7,Summer
Or2Cr2109St09,306,13129,Cr2109,St09,2015,7,2015/7,Summer
Or2Cr2109St11,1,1,Cr2109,St11,2015,7,2015/7,Summer
Or2Cr2109St11,170.4712967,1001,Cr2109,St11,2015,7,2015/7,Summer
Or2Cr2109St11,208.0013105,2001,Cr2109,St11,2015,7,2015/7,Summer
Or2Cr2109St11,226.8676781,3001,Cr2109,St11,2015,7,2015/7,Summer
Or2Cr2109St11,238.4650071,4001,Cr2109,St11,2015,7,2015/7,Summer
Or2Cr2109St11,246.4258988,5001,Cr2109,St11,2015,7,2015/7,Summer
Or2Cr2109St11,252.2853585,6001,Cr2109,St11,2015,7,2015/7,Summer
Or2Cr2109St11,256.8124068,7001,Cr2109,St11,2015,7,2015/7,Summer
Or2Cr2109St11,260.441137,8001,Cr2109,St11,2015,7,2015/7,Summer
Or2Cr2109St11,263.4373531,9001,Cr2109,St11,2015,7,2015/7,Summer
Or2Cr2109St11,265.972597,10001,Cr2109,St11,2015,7,2015/7,Summer
Or2Cr2109St11,268.1615252,11001,Cr2109,St11,2015,7,2015/7,Summer
Or2Cr2109St11,270.0831201,12001,Cr2109,St11,2015,7,2015/7,Summer
Or2Cr2109St11,271.7939292,13001,Cr2109,St11,2015,7,2015/7,Summer
Or2Cr2109St11,272,13129,Cr2109,St11,2015,7,2015/7,Summer
Or2Cr2164St01,1,1,Cr2164,St01,2016,5,2016/5,Spring
Or2Cr2164St01,165.7558774,1001,Cr2164,St01,2016,5,2016/5,Spring
Or2Cr2164St01,214.077865,2001,Cr2164,St01,2016,5,2016/5,Spring
Or2Cr2164St01,240.3400851,3001,Cr2164,St01,2016,5,2016/5,Spring
Or2Cr2164St01,256.7638478,4001,Cr2164,St01,2016,5,2016/5,Spring
Or2Cr2164St01,267.8519008,5001,Cr2164,St01,2016,5,2016/5,Spring
Or2Cr2164St01,275.7137483,6001,Cr2164,St01,2016,5,2016/5,Spring
Or2Cr2164St01,281.4792341,7001,Cr2164,St01,2016,5,2016/5,Spring
Or2Cr2164St01,285.8140886,8001,Cr2164,St01,2016,5,2016/5,Spring
Or2Cr2164St01,289.1397542,9001,Cr2164,St01,2016,5,2016/5,Spring
Or2Cr2164St01,291.7375105,10001,Cr2164,St01,2016,5,2016/5,Spring
Or2Cr2164St01,293.8020468,11001,Cr2164,St01,2016,5,2016/5,Spring
Or2Cr2164St01,295.4710012,12001,Cr2164,St01,2016,5,2016/5,Spring
Or2Cr2164St01,296.8421991,13001,Cr2164,St01,2016,5,2016/5,Spring
Or2Cr2164St01,297,13129,Cr2164,St01,2016,5,2016/5,Spring
Or2Cr2164St03,1,1,Cr2164,St03,2016,5,2016/5,Spring
Or2Cr2164St03,83.30821183,1001,Cr2164,St03,2016,5,2016/5,Spring
Or2Cr2164St03,101.7082986,2001,Cr2164,St03,2016,5,2016/5,Spring
Or2Cr2164St03,111.1456775,3001,Cr2164,St03,2016,5,2016/5,Spring
Or2Cr2164St03,116.9332308,4001,Cr2164,St03,2016,5,2016/5,Spring
Or2Cr2164St03,120.8161444,5001,Cr2164,St03,2016,5,2016/5,Spring
Or2Cr2164St03,123.5680502,6001,Cr2164,St03,2016,5,2016/5,Spring
Or2Cr2164St03,125.5905186,7001,Cr2164,St03,2016,5,2016/5,Spring
Or2Cr2164St03,127.1158602,8001,Cr2164,St03,2016,5,2016/5,Spring
Or2Cr2164St03,128.2891331,9001,Cr2164,St03,2016,5,2016/5,Spring
Or2Cr2164St03,129.205416,10001,Cr2164,St03,2016,5,2016/5,Spring
Or2Cr2164St03,129.9284663,11001,Cr2164,St03,2016,5,2016/5,Spring
Or2Cr2164St03,130.5009282,12001,Cr2164,St03,2016,5,2016/5,Spring
Or2Cr2164St03,130.9504004,13001,Cr2164,St03,2016,5,2016/5,Spring
Or2Cr2164St03,131,13129,Cr2164,St03,2016,5,2016/5,Spring
Or2Cr2164St05,1,1,Cr2164,St05,2016,5,2016/5,Spring
Or2Cr2164St05,138.0009565,1001,Cr2164,St05,2016,5,2016/5,Spring
Or2Cr2164St05,170.5361606,2001,Cr2164,St05,2016,5,2016/5,Spring
Or2Cr2164St05,186.217213,3001,Cr2164,St05,2016,5,2016/5,Spring
Or2Cr2164St05,195.367568,4001,Cr2164,St05,2016,5,2016/5,Spring
Or2Cr2164St05,201.3400078,5001,Cr2164,St05,2016,5,2016/5,Spring
Or2Cr2164St05,205.5490969,6001,Cr2164,St05,2016,5,2016/5,Spring
Or2Cr2164St05,208.680081,7001,Cr2164,St05,2016,5,2016/5,Spring
Or2Cr2164St05,211.1000606,8001,Cr2164,St05,2016,5,2016/5,Spring
Or2Cr2164St05,213.0238593,9001,Cr2164,St05,2016,5,2016/5,Spring
Or2Cr2164St05,214.5871277,10001,Cr2164,St05,2016,5,2016/5,Spring
Or2Cr2164St05,215.8806426,11001,Cr2164,St05,2016,5,2016/5,Spring
Or2Cr2164St05,216.9673995,12001,Cr2164,St05,2016,5,2016/5,Spring
Or2Cr2164St05,217.8917108,13001,Cr2164,St05,2016,5,2016/5,Spring
Or2Cr2164St05,218,13129,Cr2164,St05,2016,5,2016/5,Spring
Or2Cr2164St07,1,1,Cr2164,St07,2016,5,2016/5,Spring
Or2Cr2164St07,130.7747444,1001,Cr2164,St07,2016,5,2016/5,Spring
Or2Cr2164St07,166.4389809,2001,Cr2164,St07,2016,5,2016/5,Spring
Or2Cr2164St07,185.6017177,3001,Cr2164,St07,2016,5,2016/5,Spring
Or2Cr2164St07,197.7926699,4001,Cr2164,St07,2016,5,2016/5,Spring
Or2Cr2164St07,206.2876933,5001,Cr2164,St07,2016,5,2016/5,Spring
Or2Cr2164St07,212.5636677,6001,Cr2164,St07,2016,5,2016/5,Spring
Or2Cr2164St07,217.4003821,7001,Cr2164,St07,2016,5,2016/5,Spring
Or2Cr2164St07,221.2508727,8001,Cr2164,St07,2016,5,2016/5,Spring
Or2Cr2164St07,224.3956353,9001,Cr2164,St07,2016,5,2016/5,Spring
Or2Cr2164St07,227.0169568,10001,Cr2164,St07,2016,5,2016/5,Spring
Or2Cr2164St07,229.238233,11001,Cr2164,St07,2016,5,2016/5,Spring
Or2Cr2164St07,231.1460779,12001,Cr2164,St07,2016,5,2016/5,Spring
Or2Cr2164St07,232.8033948,13001,Cr2164,St07,2016,5,2016/5,Spring
Or2Cr2164St07,233,13129,Cr2164,St07,2016,5,2016/5,Spring
Or2Cr2164St09,1,1,Cr2164,St09,2016,5,2016/5,Spring
Or2Cr2164St09,151.0309685,1001,Cr2164,St09,2016,5,2016/5,Spring
Or2Cr2164St09,185.1169524,2001,Cr2164,St09,2016,5,2016/5,Spring
Or2Cr2164St09,202.3184062,3001,Cr2164,St09,2016,5,2016/5,Spring
Or2Cr2164St09,212.6303195,4001,Cr2164,St09,2016,5,2016/5,Spring
Or2Cr2164St09,219.2890752,5001,Cr2164,St09,2016,5,2016/5,Spring
Or2Cr2164St09,223.7690529,6001,Cr2164,St09,2016,5,2016/5,Spring
Or2Cr2164St09,226.8568712,7001,Cr2164,St09,2016,5,2016/5,Spring
Or2Cr2164St09,229.0120929,8001,Cr2164,St09,2016,5,2016/5,Spring
Or2Cr2164St09,230.5199936,9001,Cr2164,St09,2016,5,2016/5,Spring
Or2Cr2164St09,231.565451,10001,Cr2164,St09,2016,5,2016/5,Spring
Or2Cr2164St09,232.2719901,11001,Cr2164,St09,2016,5,2016/5,Spring
Or2Cr2164St09,232.7238621,12001,Cr2164,St09,2016,5,2016/5,Spring
Or2Cr2164St09,232.9792641,13001,Cr2164,St09,2016,5,2016/5,Spring
Or2Cr2164St09,233,13129,Cr2164,St09,2016,5,2016/5,Spring
Or2Cr2164St11,1,1,Cr2164,St11,2016,5,2016/5,Spring
Or2Cr2164St11,196.2502212,1001,Cr2164,St11,2016,5,2016/5,Spring
Or2Cr2164St11,248.2896249,2001,Cr2164,St11,2016,5,2016/5,Spring
Or2Cr2164St11,275.7621378,3001,Cr2164,St11,2016,5,2016/5,Spring
Or2Cr2164St11,292.9525903,4001,Cr2164,St11,2016,5,2016/5,Spring
Or2Cr2164St11,304.6467795,5001,Cr2164,St11,2016,5,2016/5,Spring
Or2Cr2164St11,313.0118307,6001,Cr2164,St11,2016,5,2016/5,Spring
Or2Cr2164St11,319.2097333,7001,Cr2164,St11,2016,5,2016/5,Spring
Or2Cr2164St11,323.9338367,8001,Cr2164,St11,2016,5,2016/5,Spring
Or2Cr2164St11,327.6272254,9001,Cr2164,St11,2016,5,2016/5,Spring
Or2Cr2164St11,330.5856195,10001,Cr2164,St11,2016,5,2016/5,Spring
Or2Cr2164St11,333.0118959,11001,Cr2164,St11,2016,5,2016/5,Spring
Or2Cr2164St11,335.0477612,12001,Cr2164,St11,2016,5,2016/5,Spring
Or2Cr2164St11,336.7935446,13001,Cr2164,St11,2016,5,2016/5,Spring
Or2Cr2164St11,337,13129,Cr2164,St11,2016,5,2016/5,Spring
Or2Cr2183St01,1,1,Cr2183,St01,2016,8,2016/8,Summer
Or2Cr2183St01,82.78419752,1001,Cr2183,St01,2016,8,2016/8,Summer
Or2Cr2183St01,104.6959555,2001,Cr2183,St01,2016,8,2016/8,Summer
Or2Cr2183St01,116.3499209,3001,Cr2183,St01,2016,8,2016/8,Summer
Or2Cr2183St01,123.4813854,4001,Cr2183,St01,2016,8,2016/8,Summer
Or2Cr2183St01,128.2258321,5001,Cr2183,St01,2016,8,2016/8,Summer
Or2Cr2183St01,131.567228,6001,Cr2183,St01,2016,8,2016/8,Summer
Or2Cr2183St01,134.0213841,7001,Cr2183,St01,2016,8,2016/8,Summer
Or2Cr2183St01,135.8847454,8001,Cr2183,St01,2016,8,2016/8,Summer
Or2Cr2183St01,137.3394911,9001,Cr2183,St01,2016,8,2016/8,Summer
Or2Cr2183St01,138.5032982,10001,Cr2183,St01,2016,8,2016/8,Summer
Or2Cr2183St01,139.4549988,11001,Cr2183,St01,2016,8,2016/8,Summer
Or2Cr2183St01,140.2486011,12001,Cr2183,St01,2016,8,2016/8,Summer
Or2Cr2183St01,140.9212438,13001,Cr2183,St01,2016,8,2016/8,Summer
Or2Cr2183St01,141,13129,Cr2183,St01,2016,8,2016/8,Summer
Or2Cr2183St03,1,1,Cr2183,St03,2016,8,2016/8,Summer
Or2Cr2183St03,124.6995933,1001,Cr2183,St03,2016,8,2016/8,Summer
Or2Cr2183St03,170.0205872,2001,Cr2183,St03,2016,8,2016/8,Summer
Or2Cr2183St03,198.52355,3001,Cr2183,St03,2016,8,2016/8,Summer
Or2Cr2183St03,218.676866,4001,Cr2183,St03,2016,8,2016/8,Summer
Or2Cr2183St03,233.9775639,5001,Cr2183,St03,2016,8,2016/8,Summer
Or2Cr2183St03,246.1356322,6001,Cr2183,St03,2016,8,2016/8,Summer
Or2Cr2183St03,256.0837453,7001,Cr2183,St03,2016,8,2016/8,Summer
Or2Cr2183St03,264.378408,8001,Cr2183,St03,2016,8,2016/8,Summer
Or2Cr2183St03,271.3788442,9001,Cr2183,St03,2016,8,2016/8,Summer
Or2Cr2183St03,277.3335529,10001,Cr2183,St03,2016,8,2016/8,Summer
Or2Cr2183St03,282.4251267,11001,Cr2183,St03,2016,8,2016/8,Summer
Or2Cr2183St03,286.7948838,12001,Cr2183,St03,2016,8,2016/8,Summer
Or2Cr2183St03,290.557191,13001,Cr2183,St03,2016,8,2016/8,Summer
Or2Cr2183St03,291,13129,Cr2183,St03,2016,8,2016/8,Summer
Or2Cr2183St05,1,1,Cr2183,St05,2016,8,2016/8,Summer
Or2Cr2183St05,165.3805347,1001,Cr2183,St05,2016,8,2016/8,Summer
Or2Cr2183St05,213.8525677,2001,Cr2183,St05,2016,8,2016/8,Summer
Or2Cr2183St05,240.5588652,3001,Cr2183,St05,2016,8,2016/8,Summer
Or2Cr2183St05,257.7522001,4001,Cr2183,St05,2016,8,2016/8,Summer
Or2Cr2183St05,269.9244328,5001,Cr2183,St05,2016,8,2016/8,Summer
Or2Cr2183St05,279.1368373,6001,Cr2183,St05,2016,8,2016/8,Summer
Or2Cr2183St05,286.4588199,7001,Cr2183,St05,2016,8,2016/8,Summer
Or2Cr2183St05,292.4959612,8001,Cr2183,St05,2016,8,2016/8,Summer
Or2Cr2183St05,297.6155181,9001,Cr2183,St05,2016,8,2016/8,Summer
Or2Cr2183St05,302.0527231,10001,Cr2183,St05,2016,8,2016/8,Summer
Or2Cr2183St05,305.9649385,11001,Cr2183,St05,2016,8,2016/8,Summer
Or2Cr2183St05,309.4609606,12001,Cr2183,St05,2016,8,2016/8,Summer
Or2Cr2183St05,312.6174948,13001,Cr2183,St05,2016,8,2016/8,Summer
Or2Cr2183St05,313,13129,Cr2183,St05,2016,8,2016/8,Summer
Or2Cr2183St07,1,1,Cr2183,St07,2016,8,2016/8,Summer
Or2Cr2183St07,84.82515799,1001,Cr2183,St07,2016,8,2016/8,Summer
Or2Cr2183St07,106.3983711,2001,Cr2183,St07,2016,8,2016/8,Summer
Or2Cr2183St07,118.7940569,3001,Cr2183,St07,2016,8,2016/8,Summer
Or2Cr2183St07,127.0911799,4001,Cr2183,St07,2016,8,2016/8,Summer
Or2Cr2183St07,133.1422675,5001,Cr2183,St07,2016,8,2016/8,Summer
Or2Cr2183St07,137.8288116,6001,Cr2183,St07,2016,8,2016/8,Summer
Or2Cr2183St07,141.6130776,7001,Cr2183,St07,2016,8,2016/8,Summer
Or2Cr2183St07,144.7541708,8001,Cr2183,St07,2016,8,2016/8,Summer
Or2Cr2183St07,147.4082055,9001,Cr2183,St07,2016,8,2016/8,Summer
Or2Cr2183St07,149.677436,10001,Cr2183,St07,2016,8,2016/8,Summer
Or2Cr2183St07,151.6346885,11001,Cr2183,St07,2016,8,2016/8,Summer
Or2Cr2183St07,153.3353561,12001,Cr2183,St07,2016,8,2016/8,Summer
Or2Cr2183St07,154.8230858,13001,Cr2183,St07,2016,8,2016/8,Summer
Or2Cr2183St07,155,13129,Cr2183,St07,2016,8,2016/8,Summer
Or2Cr2183St09,1,1,Cr2183,St09,2016,8,2016/8,Summer
Or2Cr2183St09,87.44934358,1001,Cr2183,St09,2016,8,2016/8,Summer
Or2Cr2183St09,109.5690674,2001,Cr2183,St09,2016,8,2016/8,Summer
Or2Cr2183St09,122.301971,3001,Cr2183,St09,2016,8,2016/8,Summer
Or2Cr2183St09,130.7306128,4001,Cr2183,St09,2016,8,2016/8,Summer
Or2Cr2183St09,136.6856075,5001,Cr2183,St09,2016,8,2016/8,Summer
Or2Cr2183St09,141.0730809,6001,Cr2183,St09,2016,8,2016/8,Summer
Or2Cr2183St09,144.4049469,7001,Cr2183,St09,2016,8,2016/8,Summer
Or2Cr2183St09,146.9921368,8001,Cr2183,St09,2016,8,2016/8,Summer
Or2Cr2183St09,149.0336521,9001,Cr2183,St09,2016,8,2016/8,Summer
Or2Cr2183St09,150.663035,10001,Cr2183,St09,2016,8,2016/8,Summer
Or2Cr2183St09,151.9741877,11001,Cr2183,St09,2016,8,2016/8,Summer
Or2Cr2183St09,153.0361017,12001,Cr2183,St09,2016,8,2016/8,Summer
Or2Cr2183St09,153.9012679,13001,Cr2183,St09,2016,8,2016/8,Summer
Or2Cr2183St09,154,13129,Cr2183,St09,2016,8,2016/8,Summer
Or2Cr2183St11,1,1,Cr2183,St11,2016,8,2016/8,Summer
Or2Cr2183St11,101.0437168,1001,Cr2183,St11,2016,8,2016/8,Summer
Or2Cr2183St11,133.406844,2001,Cr2183,St11,2016,8,2016/8,Summer
Or2Cr2183St11,153.8660887,3001,Cr2183,St11,2016,8,2016/8,Summer
Or2Cr2183St11,168.290128,4001,Cr2183,St11,2016,8,2016/8,Summer
Or2Cr2183St11,179.1232006,5001,Cr2183,St11,2016,8,2016/8,Summer
Or2Cr2183St11,187.6111788,6001,Cr2183,St11,2016,8,2016/8,Summer
Or2Cr2183St11,194.4620655,7001,Cr2183,St11,2016,8,2016/8,Summer
Or2Cr2183St11,200.110715,8001,Cr2183,St11,2016,8,2016/8,Summer
Or2Cr2183St11,204.8404362,9001,Cr2183,St11,2016,8,2016/8,Summer
Or2Cr2183St11,208.8446641,10001,Cr2183,St11,2016,8,2016/8,Summer
Or2Cr2183St11,212.2606642,11001,Cr2183,St11,2016,8,2016/8,Summer
Or2Cr2183St11,215.1889184,12001,Cr2183,St11,2016,8,2016/8,Summer
Or2Cr2183St11,217.7046718,13001,Cr2183,St11,2016,8,2016/8,Summer
Or2Cr2183St11,218,13129,Cr2183,St11,2016,8,2016/8,Summer
Or2Cr2192St01,1,1,Cr2192,St01,2016,9,2016/9,Autumn
Or2Cr2192St01,145.4881701,1001,Cr2192,St01,2016,9,2016/9,Autumn
Or2Cr2192St01,191.2210073,2001,Cr2192,St01,2016,9,2016/9,Autumn
Or2Cr2192St01,219.4954156,3001,Cr2192,St01,2016,9,2016/9,Autumn
Or2Cr2192St01,239.216143,4001,Cr2192,St01,2016,9,2016/9,Autumn
Or2Cr2192St01,253.9988536,5001,Cr2192,St01,2016,9,2016/9,Autumn
Or2Cr2192St01,265.6574423,6001,Cr2192,St01,2016,9,2016/9,Autumn
Or2Cr2192St01,275.1981525,7001,Cr2192,St01,2016,9,2016/9,Autumn
Or2Cr2192St01,283.2224238,8001,Cr2192,St01,2016,9,2016/9,Autumn
Or2Cr2192St01,290.1127856,9001,Cr2192,St01,2016,9,2016/9,Autumn
Or2Cr2192St01,296.1257136,10001,Cr2192,St01,2016,9,2016/9,Autumn
Or2Cr2192St01,301.4414308,11001,Cr2192,St01,2016,9,2016/9,Autumn
Or2Cr2192St01,306.192372,12001,Cr2192,St01,2016,9,2016/9,Autumn
Or2Cr2192St01,310.4802386,13001,Cr2192,St01,2016,9,2016/9,Autumn
Or2Cr2192St01,311,13129,Cr2192,St01,2016,9,2016/9,Autumn
Or2Cr2192St03,1,1,Cr2192,St03,2016,9,2016/9,Autumn
Or2Cr2192St03,114.338246,1001,Cr2192,St03,2016,9,2016/9,Autumn
Or2Cr2192St03,145.8106698,2001,Cr2192,St03,2016,9,2016/9,Autumn
Or2Cr2192St03,164.6596225,3001,Cr2192,St03,2016,9,2016/9,Autumn
Or2Cr2192St03,177.6219665,4001,Cr2192,St03,2016,9,2016/9,Autumn
Or2Cr2192St03,187.1817405,5001,Cr2192,St03,2016,9,2016/9,Autumn
Or2Cr2192St03,194.5521448,6001,Cr2192,St03,2016,9,2016/9,Autumn
Or2Cr2192St03,200.4134144,7001,Cr2192,St03,2016,9,2016/9,Autumn
Or2Cr2192St03,205.1820701,8001,Cr2192,St03,2016,9,2016/9,Autumn
Or2Cr2192St03,209.1301321,9001,Cr2192,St03,2016,9,2016/9,Autumn
Or2Cr2192St03,212.444465,10001,Cr2192,St03,2016,9,2016/9,Autumn
Or2Cr2192St03,215.2586072,11001,Cr2192,St03,2016,9,2016/9,Autumn
Or2Cr2192St03,217.6707152,12001,Cr2192,St03,2016,9,2016/9,Autumn
Or2Cr2192St03,219.75408,13001,Cr2192,St03,2016,9,2016/9,Autumn
Or2Cr2192St03,220,13129,Cr2192,St03,2016,9,2016/9,Autumn
Or2Cr2192St05,1,1,Cr2192,St05,2016,9,2016/9,Autumn
Or2Cr2192St05,132.4347598,1001,Cr2192,St05,2016,9,2016/9,Autumn
Or2Cr2192St05,177.0656149,2001,Cr2192,St05,2016,9,2016/9,Autumn
Or2Cr2192St05,203.1202162,3001,Cr2192,St05,2016,9,2016/9,Autumn
Or2Cr2192St05,220.4016893,4001,Cr2192,St05,2016,9,2016/9,Autumn
Or2Cr2192St05,232.7189548,5001,Cr2192,St05,2016,9,2016/9,Autumn
Or2Cr2192St05,241.9345927,6001,Cr2192,St05,2016,9,2016/9,Autumn
Or2Cr2192St05,249.0799162,7001,Cr2192,St05,2016,9,2016/9,Autumn
Or2Cr2192St05,254.7756604,8001,Cr2192,St05,2016,9,2016/9,Autumn
Or2Cr2192St05,259.4186238,9001,Cr2192,St05,2016,9,2016/9,Autumn
Or2Cr2192St05,263.2742657,10001,Cr2192,St05,2016,9,2016/9,Autumn
Or2Cr2192St05,266.5267275,11001,Cr2192,St05,2016,9,2016/9,Autumn
Or2Cr2192St05,269.3078191,12001,Cr2192,St05,2016,9,2016/9,Autumn
Or2Cr2192St05,271.7148874,13001,Cr2192,St05,2016,9,2016/9,Autumn
Or2Cr2192St05,272,13129,Cr2192,St05,2016,9,2016/9,Autumn
Or2Cr2192St07,1,1,Cr2192,St07,2016,9,2016/9,Autumn
Or2Cr2192St07,115.6414287,1001,Cr2192,St07,2016,9,2016/9,Autumn
Or2Cr2192St07,149.144249,2001,Cr2192,St07,2016,9,2016/9,Autumn
Or2Cr2192St07,169.279915,3001,Cr2192,St07,2016,9,2016/9,Autumn
Or2Cr2192St07,183.2248852,4001,Cr2192,St07,2016,9,2016/9,Autumn
Or2Cr2192St07,193.6352144,5001,Cr2192,St07,2016,9,2016/9,Autumn
Or2Cr2192St07,201.7952119,6001,Cr2192,St07,2016,9,2016/9,Autumn
Or2Cr2192St07,208.4190834,7001,Cr2192,St07,2016,9,2016/9,Autumn
Or2Cr2192St07,213.9353176,8001,Cr2192,St07,2016,9,2016/9,Autumn
Or2Cr2192St07,218.6131361,9001,Cr2192,St07,2016,9,2016/9,Autumn
Or2Cr2192St07,222.6275361,10001,Cr2192,St07,2016,9,2016/9,Autumn
Or2Cr2192St07,226.0957898,11001,Cr2192,St07,2016,9,2016/9,Autumn
Or2Cr2192St07,229.0989596,12001,Cr2192,St07,2016,9,2016/9,Autumn
Or2Cr2192St07,231.6948326,13001,Cr2192,St07,2016,9,2016/9,Autumn
Or2Cr2192St07,232,13129,Cr2192,St07,2016,9,2016/9,Autumn
Or2Cr2192St09,1,1,Cr2192,St09,2016,9,2016/9,Autumn
Or2Cr2192St09,132.0426339,1001,Cr2192,St09,2016,9,2016/9,Autumn
Or2Cr2192St09,166.1038631,2001,Cr2192,St09,2016,9,2016/9,Autumn
Or2Cr2192St09,184.8731328,3001,Cr2192,St09,2016,9,2016/9,Autumn
Or2Cr2192St09,197.2017078,4001,Cr2192,St09,2016,9,2016/9,Autumn
Or2Cr2192St09,205.8969466,5001,Cr2192,St09,2016,9,2016/9,Autumn
Or2Cr2192St09,212.2297504,6001,Cr2192,St09,2016,9,2016/9,Autumn
Or2Cr2192St09,216.9179344,7001,Cr2192,St09,2016,9,2016/9,Autumn
Or2Cr2192St09,220.4235659,8001,Cr2192,St09,2016,9,2016/9,Autumn
Or2Cr2192St09,223.0669709,9001,Cr2192,St09,2016,9,2016/9,Autumn
Or2Cr2192St09,225.0803126,10001,Cr2192,St09,2016,9,2016/9,Autumn
Or2Cr2192St09,226.6370247,11001,Cr2192,St09,2016,9,2016/9,Autumn
Or2Cr2192St09,227.8697354,12001,Cr2192,St09,2016,9,2016/9,Autumn
Or2Cr2192St09,228.881945,13001,Cr2192,St09,2016,9,2016/9,Autumn
Or2Cr2192St09,229,13129,Cr2192,St09,2016,9,2016/9,Autumn
Or2Cr2192St11,1,1,Cr2192,St11,2016,9,2016/9,Autumn
Or2Cr2192St11,97.88392316,1001,Cr2192,St11,2016,9,2016/9,Autumn
Or2Cr2192St11,130.240263,2001,Cr2192,St11,2016,9,2016/9,Autumn
Or2Cr2192St11,150.248785,3001,Cr2192,St11,2016,9,2016/9,Autumn
Or2Cr2192St11,164.2074839,4001,Cr2192,St11,2016,9,2016/9,Autumn
Or2Cr2192St11,174.591889,5001,Cr2192,St11,2016,9,2016/9,Autumn
Or2Cr2192St11,182.6314117,6001,Cr2192,St11,2016,9,2016/9,Autumn
Or2Cr2192St11,189.0361973,7001,Cr2192,St11,2016,9,2016/9,Autumn
Or2Cr2192St11,194.2589812,8001,Cr2192,St11,2016,9,2016/9,Autumn
Or2Cr2192St11,198.6062328,9001,Cr2192,St11,2016,9,2016/9,Autumn
Or2Cr2192St11,202.2923679,10001,Cr2192,St11,2016,9,2016/9,Autumn
Or2Cr2192St11,205.4698353,11001,Cr2192,St11,2016,9,2016/9,Autumn
Or2Cr2192St11,208.2478861,12001,Cr2192,St11,2016,9,2016/9,Autumn
Or2Cr2192St11,210.7054263,13001,Cr2192,St11,2016,9,2016/9,Autumn
Or2Cr2192St11,211,13129,Cr2192,St11,2016,9,2016/9,Autumn
Or2Cr2241St01,1,1,Cr2241,St01,2017,5,2017/5,Spring
Or2Cr2241St01,189.5890906,1001,Cr2241,St01,2017,5,2017/5,Spring
Or2Cr2241St01,243.5773063,2001,Cr2241,St01,2017,5,2017/5,Spring
Or2Cr2241St01,272.8670322,3001,Cr2241,St01,2017,5,2017/5,Spring
Or2Cr2241St01,291.4398065,4001,Cr2241,St01,2017,5,2017/5,Spring
Or2Cr2241St01,304.2507215,5001,Cr2241,St01,2017,5,2017/5,Spring
Or2Cr2241St01,313.6379866,6001,Cr2241,St01,2017,5,2017/5,Spring
Or2Cr2241St01,320.8581917,7001,Cr2241,St01,2017,5,2017/5,Spring
Or2Cr2241St01,326.6350028,8001,Cr2241,St01,2017,5,2017/5,Spring
Or2Cr2241St01,331.4050311,9001,Cr2241,St01,2017,5,2017/5,Spring
Or2Cr2241St01,335.4422103,10001,Cr2241,St01,2017,5,2017/5,Spring
Or2Cr2241St01,338.9250732,11001,Cr2241,St01,2017,5,2017/5,Spring
Or2Cr2241St01,341.9746081,12001,Cr2241,St01,2017,5,2017/5,Spring
Or2Cr2241St01,344.6759885,13001,Cr2241,St01,2017,5,2017/5,Spring
Or2Cr2241St01,345,13129,Cr2241,St01,2017,5,2017/5,Spring
Or2Cr2241St03,1,1,Cr2241,St03,2017,5,2017/5,Spring
Or2Cr2241St03,243.8565817,1001,Cr2241,St03,2017,5,2017/5,Spring
Or2Cr2241St03,326.0418432,2001,Cr2241,St03,2017,5,2017/5,Spring
Or2Cr2241St03,372.7986713,3001,Cr2241,St03,2017,5,2017/5,Spring
Or2Cr2241St03,403.1833317,4001,Cr2241,St03,2017,5,2017/5,Spring
Or2Cr2241St03,424.6416847,5001,Cr2241,St03,2017,5,2017/5,Spring
Or2Cr2241St03,440.7128378,6001,Cr2241,St03,2017,5,2017/5,Spring
Or2Cr2241St03,453.2853282,7001,Cr2241,St03,2017,5,2017/5,Spring
Or2Cr2241St03,463.4565083,8001,Cr2241,St03,2017,5,2017/5,Spring
Or2Cr2241St03,471.9059776,9001,Cr2241,St03,2017,5,2017/5,Spring
Or2Cr2241St03,479.0748349,10001,Cr2241,St03,2017,5,2017/5,Spring
Or2Cr2241St03,485.2593212,11001,Cr2241,St03,2017,5,2017/5,Spring
Or2Cr2241St03,490.6634152,12001,Cr2241,St03,2017,5,2017/5,Spring
Or2Cr2241St03,495.4302617,13001,Cr2241,St03,2017,5,2017/5,Spring
Or2Cr2241St03,496,13129,Cr2241,St03,2017,5,2017/5,Spring
Or2Cr2241St05,1,1,Cr2241,St05,2017,5,2017/5,Spring
Or2Cr2241St05,203.3428716,1001,Cr2241,St05,2017,5,2017/5,Spring
Or2Cr2241St05,254.3776147,2001,Cr2241,St05,2017,5,2017/5,Spring
Or2Cr2241St05,279.9171086,3001,Cr2241,St05,2017,5,2017/5,Spring
Or2Cr2241St05,295.1411547,4001,Cr2241,St05,2017,5,2017/5,Spring
Or2Cr2241St05,305.164025,5001,Cr2241,St05,2017,5,2017/5,Spring
Or2Cr2241St05,312.2447782,6001,Cr2241,St05,2017,5,2017/5,Spring
Or2Cr2241St05,317.5287875,7001,Cr2241,St05,2017,5,2017/5,Spring
Or2Cr2241St05,321.6473136,8001,Cr2241,St05,2017,5,2017/5,Spring
Or2Cr2241St05,324.9696616,9001,Cr2241,St05,2017,5,2017/5,Spring
Or2Cr2241St05,327.722668,10001,Cr2241,St05,2017,5,2017/5,Spring
Or2Cr2241St05,330.0516689,11001,Cr2241,St05,2017,5,2017/5,Spring
Or2Cr2241St05,332.0532402,12001,Cr2241,St05,2017,5,2017/5,Spring
Or2Cr2241St05,333.7935519,13001,Cr2241,St05,2017,5,2017/5,Spring
Or2Cr2241St05,334,13129,Cr2241,St05,2017,5,2017/5,Spring
Or2Cr2241St07,1,1,Cr2241,St07,2017,5,2017/5,Spring
Or2Cr2241St07,193.0765597,1001,Cr2241,St07,2017,5,2017/5,Spring
Or2Cr2241St07,253.9976144,2001,Cr2241,St07,2017,5,2017/5,Spring
Or2Cr2241St07,287.5387959,3001,Cr2241,St07,2017,5,2017/5,Spring
Or2Cr2241St07,308.9979201,4001,Cr2241,St07,2017,5,2017/5,Spring
Or2Cr2241St07,323.9581304,5001,Cr2241,St07,2017,5,2017/5,Spring
Or2Cr2241St07,334.9638853,6001,Cr2241,St07,2017,5,2017/5,Spring
Or2Cr2241St07,343.3490125,7001,Cr2241,St07,2017,5,2017/5,Spring
Or2Cr2241St07,349.891125,8001,Cr2241,St07,2017,5,2017/5,Spring
Or2Cr2241St07,355.0826867,9001,Cr2241,St07,2017,5,2017/5,Spring
Or2Cr2241St07,359.2560894,10001,Cr2241,St07,2017,5,2017/5,Spring
Or2Cr2241St07,362.6469306,11001,Cr2241,St07,2017,5,2017/5,Spring
Or2Cr2241St07,365.4287825,12001,Cr2241,St07,2017,5,2017/5,Spring
Or2Cr2241St07,367.7338112,13001,Cr2241,St07,2017,5,2017/5,Spring
Or2Cr2241St07,368,13129,Cr2241,St07,2017,5,2017/5,Spring
Or2Cr2241St09,1,1,Cr2241,St09,2017,5,2017/5,Spring
Or2Cr2241St09,222.1543988,1001,Cr2241,St09,2017,5,2017/5,Spring
Or2Cr2241St09,282.8560781,2001,Cr2241,St09,2017,5,2017/5,Spring
Or2Cr2241St09,314.9322809,3001,Cr2241,St09,2017,5,2017/5,Spring
Or2Cr2241St09,335.2650998,4001,Cr2241,St09,2017,5,2017/5,Spring
Or2Cr2241St09,349.3744032,5001,Cr2241,St09,2017,5,2017/5,Spring
Or2Cr2241St09,359.6816936,6001,Cr2241,St09,2017,5,2017/5,Spring
Or2Cr2241St09,367.4692997,7001,Cr2241,St09,2017,5,2017/5,Spring
Or2Cr2241St09,373.5000345,8001,Cr2241,St09,2017,5,2017/5,Spring
Or2Cr2241St09,378.260509,9001,Cr2241,St09,2017,5,2017/5,Spring
Or2Cr2241St09,382.0750566,10001,Cr2241,St09,2017,5,2017/5,Spring
Or2Cr2241St09,385.1664805,11001,Cr2241,St09,2017,5,2017/5,Spring
Or2Cr2241St09,387.6915409,12001,Cr2241,St09,2017,5,2017/5,Spring
Or2Cr2241St09,389.7630666,13001,Cr2241,St09,2017,5,2017/5,Spring
Or2Cr2241St09,390,13129,Cr2241,St09,2017,5,2017/5,Spring
Or2Cr2241St11,1,1,Cr2241,St11,2017,5,2017/5,Spring
Or2Cr2241St11,214.684958,1001,Cr2241,St11,2017,5,2017/5,Spring
Or2Cr2241St11,267.6806149,2001,Cr2241,St11,2017,5,2017/5,Spring
Or2Cr2241St11,293.0734988,3001,Cr2241,St11,2017,5,2017/5,Spring
Or2Cr2241St11,308.0622138,4001,Cr2241,St11,2017,5,2017/5,Spring
Or2Cr2241St11,317.9814328,5001,Cr2241,St11,2017,5,2017/5,Spring
Or2Cr2241St11,325.0467619,6001,Cr2241,St11,2017,5,2017/5,Spring
Or2Cr2241St11,330.3444313,7001,Cr2241,St11,2017,5,2017/5,Spring
Or2Cr2241St11,334.4724995,8001,Cr2241,St11,2017,5,2017/5,Spring
Or2Cr2241St11,337.7924731,9001,Cr2241,St11,2017,5,2017/5,Spring
Or2Cr2241St11,340.5403373,10001,Cr2241,St11,2017,5,2017/5,Spring
Or2Cr2241St11,342.8796015,11001,Cr2241,St11,2017,5,2017/5,Spring
Or2Cr2241St11,344.9284478,12001,Cr2241,St11,2017,5,2017/5,Spring
Or2Cr2241St11,346.7747069,13001,Cr2241,St11,2017,5,2017/5,Spring
Or2Cr2241St11,347,13129,Cr2241,St11,2017,5,2017/5,Spring
Or2Cr2243St01,1,1,Cr2243,St01,2017,6,2017/6/7,Summer
Or2Cr2243St01,229.2130506,1001,Cr2243,St01,2017,6,2017/6/7,Summer
Or2Cr2243St01,301.5826315,2001,Cr2243,St01,2017,6,2017/6/7,Summer
Or2Cr2243St01,342.2232437,3001,Cr2243,St01,2017,6,2017/6/7,Summer
Or2Cr2243St01,369.1882891,4001,Cr2243,St01,2017,6,2017/6/7,Summer
Or2Cr2243St01,388.6443572,5001,Cr2243,St01,2017,6,2017/6/7,Summer
Or2Cr2243St01,403.3975102,6001,Cr2243,St01,2017,6,2017/6/7,Summer
Or2Cr2243St01,414.9701187,7001,Cr2243,St01,2017,6,2017/6/7,Summer
Or2Cr2243St01,424.284732,8001,Cr2243,St01,2017,6,2017/6/7,Summer
Or2Cr2243St01,431.9404912,9001,Cr2243,St01,2017,6,2017/6/7,Summer
Or2Cr2243St01,438.3443819,10001,Cr2243,St01,2017,6,2017/6/7,Summer
Or2Cr2243St01,443.7815442,11001,Cr2243,St01,2017,6,2017/6/7,Summer
Or2Cr2243St01,448.4563813,12001,Cr2243,St01,2017,6,2017/6/7,Summer
Or2Cr2243St01,452.5182857,13001,Cr2243,St01,2017,6,2017/6/7,Summer
Or2Cr2243St01,453,13129,Cr2243,St01,2017,6,2017/6/7,Summer
Or2Cr2243St03,1,1,Cr2243,St03,2017,6,2017/6/7,Summer
Or2Cr2243St03,193.9823973,1001,Cr2243,St03,2017,6,2017/6/7,Summer
Or2Cr2243St03,253.1967817,2001,Cr2243,St03,2017,6,2017/6/7,Summer
Or2Cr2243St03,285.6703969,3001,Cr2243,St03,2017,6,2017/6/7,Summer
Or2Cr2243St03,306.534158,4001,Cr2243,St03,2017,6,2017/6/7,Summer
Or2Cr2243St03,321.0636102,5001,Cr2243,St03,2017,6,2017/6/7,Summer
Or2Cr2243St03,331.696617,6001,Cr2243,St03,2017,6,2017/6/7,Summer
Or2Cr2243St03,339.7537488,7001,Cr2243,St03,2017,6,2017/6/7,Summer
Or2Cr2243St03,346.0234098,8001,Cr2243,St03,2017,6,2017/6/7,Summer
Or2Cr2243St03,351.0103167,9001,Cr2243,St03,2017,6,2017/6/7,Summer
Or2Cr2243St03,355.056675,10001,Cr2243,St03,2017,6,2017/6/7,Summer
Or2Cr2243St03,358.4065766,11001,Cr2243,St03,2017,6,2017/6/7,Summer
Or2Cr2243St03,361.2422721,12001,Cr2243,St03,2017,6,2017/6/7,Summer
Or2Cr2243St03,363.7055025,13001,Cr2243,St03,2017,6,2017/6/7,Summer
Or2Cr2243St03,364,13129,Cr2243,St03,2017,6,2017/6/7,Summer
Or2Cr2243St05,1,1,Cr2243,St05,2017,6,2017/6/7,Summer
Or2Cr2243St05,222.3050577,1001,Cr2243,St05,2017,6,2017/6/7,Summer
Or2Cr2243St05,281.4248175,2001,Cr2243,St05,2017,6,2017/6/7,Summer
Or2Cr2243St05,312.6493007,3001,Cr2243,St05,2017,6,2017/6/7,Summer
Or2Cr2243St05,332.2709318,4001,Cr2243,St05,2017,6,2017/6/7,Summer
Or2Cr2243St05,345.8226978,5001,Cr2243,St05,2017,6,2017/6/7,Summer
Or2Cr2243St05,355.7487463,6001,Cr2243,St05,2017,6,2017/6/7,Summer
Or2Cr2243St05,363.3094186,7001,Cr2243,St05,2017,6,2017/6/7,Summer
Or2Cr2243St05,369.2280109,8001,Cr2243,St05,2017,6,2017/6/7,Summer
Or2Cr2243St05,373.9543128,9001,Cr2243,St05,2017,6,2017/6/7,Summer
Or2Cr2243St05,377.7865207,10001,Cr2243,St05,2017,6,2017/6/7,Summer
Or2Cr2243St05,380.9331591,11001,Cr2243,St05,2017,6,2017/6/7,Summer
Or2Cr2243St05,383.546872,12001,Cr2243,St05,2017,6,2017/6/7,Summer
Or2Cr2243St05,385.7439415,13001,Cr2243,St05,2017,6,2017/6/7,Summer
Or2Cr2243St05,386,13129,Cr2243,St05,2017,6,2017/6/7,Summer
Or2Cr2243St07,1,1,Cr2243,St07,2017,6,2017/6/7,Summer
Or2Cr2243St07,145.1776909,1001,Cr2243,St07,2017,6,2017/6/7,Summer
Or2Cr2243St07,188.0160533,2001,Cr2243,St07,2017,6,2017/6/7,Summer
Or2Cr2243St07,212.239712,3001,Cr2243,St07,2017,6,2017/6/7,Summer
Or2Cr2243St07,228.1429975,4001,Cr2243,St07,2017,6,2017/6/7,Summer
Or2Cr2243St07,239.3702668,5001,Cr2243,St07,2017,6,2017/6/7,Summer
Or2Cr2243St07,247.6359497,6001,Cr2243,St07,2017,6,2017/6/7,Summer
Or2Cr2243St07,253.8867808,7001,Cr2243,St07,2017,6,2017/6/7,Summer
Or2Cr2243St07,258.699163,8001,Cr2243,St07,2017,6,2017/6/7,Summer
Or2Cr2243St07,262.4468535,9001,Cr2243,St07,2017,6,2017/6/7,Summer
Or2Cr2243St07,265.3829915,10001,Cr2243,St07,2017,6,2017/6/7,Summer
Or2Cr2243St07,267.6844196,11001,Cr2243,St07,2017,6,2017/6/7,Summer
Or2Cr2243St07,269.4770781,12001,Cr2243,St07,2017,6,2017/6/7,Summer
Or2Cr2243St07,270.8509129,13001,Cr2243,St07,2017,6,2017/6/7,Summer
Or2Cr2243St07,271,13129,Cr2243,St07,2017,6,2017/6/7,Summer
Or2Cr2243St09,1,1,Cr2243,St09,2017,6,2017/6/7,Summer
Or2Cr2243St09,176.4085847,1001,Cr2243,St09,2017,6,2017/6/7,Summer
Or2Cr2243St09,232.7335057,2001,Cr2243,St09,2017,6,2017/6/7,Summer
Or2Cr2243St09,265.5721948,3001,Cr2243,St09,2017,6,2017/6/7,Summer
Or2Cr2243St09,287.3060388,4001,Cr2243,St09,2017,6,2017/6/7,Summer
Or2Cr2243St09,302.8498409,5001,Cr2243,St09,2017,6,2017/6/7,Summer
Or2Cr2243St09,314.5839468,6001,Cr2243,St09,2017,6,2017/6/7,Summer
Or2Cr2243St09,323.7952806,7001,Cr2243,St09,2017,6,2017/6/7,Summer
Or2Cr2243St09,331.2442385,8001,Cr2243,St09,2017,6,2017/6/7,Summer
Or2Cr2243St09,337.4150384,9001,Cr2243,St09,2017,6,2017/6/7,Summer
Or2Cr2243St09,342.6344332,10001,Cr2243,St09,2017,6,2017/6/7,Summer
Or2Cr2243St09,347.1319745,11001,Cr2243,St09,2017,6,2017/6/7,Summer
Or2Cr2243St09,351.0729798,12001,Cr2243,St09,2017,6,2017/6/7,Summer
Or2Cr2243St09,354.5780155,13001,Cr2243,St09,2017,6,2017/6/7,Summer
Or2Cr2243St09,355,13129,Cr2243,St09,2017,6,2017/6/7,Summer
Or2Cr2243St11,1,1,Cr2243,St11,2017,6,2017/6/7,Summer
Or2Cr2243St11,203.5478988,1001,Cr2243,St11,2017,6,2017/6/7,Summer
Or2Cr2243St11,266.7504652,2001,Cr2243,St11,2017,6,2017/6/7,Summer
Or2Cr2243St11,301.5795914,3001,Cr2243,St11,2017,6,2017/6/7,Summer
Or2Cr2243St11,323.9458038,4001,Cr2243,St11,2017,6,2017/6/7,Summer
Or2Cr2243St11,339.6311074,5001,Cr2243,St11,2017,6,2017/6/7,Summer
Or2Cr2243St11,351.2836311,6001,Cr2243,St11,2017,6,2017/6/7,Summer
Or2Cr2243St11,360.297546,7001,Cr2243,St11,2017,6,2017/6/7,Summer
Or2Cr2243St11,367.480314,8001,Cr2243,St11,2017,6,2017/6/7,Summer
Or2Cr2243St11,373.3331882,9001,Cr2243,St11,2017,6,2017/6/7,Summer
Or2Cr2243St11,378.1843389,10001,Cr2243,St11,2017,6,2017/6/7,Summer
Or2Cr2243St11,382.2576866,11001,Cr2243,St11,2017,6,2017/6/7,Summer
Or2Cr2243St11,385.7105861,12001,Cr2243,St11,2017,6,2017/6/7,Summer
Or2Cr2243St11,388.6553533,13001,Cr2243,St11,2017,6,2017/6/7,Summer
Or2Cr2243St11,389,13129,Cr2243,St11,2017,6,2017/6/7,Summer
Or2Cr2245St01,1,1,Cr2245,St01,2017,6/18,2017/6/18,Summer
Or2Cr2245St01,179.1561044,1001,Cr2245,St01,2017,6/18,2017/6/18,Summer
Or2Cr2245St01,220.0760123,2001,Cr2245,St01,2017,6/18,2017/6/18,Summer
Or2Cr2245St01,239.7646613,3001,Cr2245,St01,2017,6/18,2017/6/18,Summer
Or2Cr2245St01,251.7122068,4001,Cr2245,St01,2017,6/18,2017/6/18,Summer
Or2Cr2245St01,259.8718374,5001,Cr2245,St01,2017,6/18,2017/6/18,Summer
Or2Cr2245St01,265.8122855,6001,Cr2245,St01,2017,6/18,2017/6/18,Summer
Or2Cr2245St01,270.2991229,7001,Cr2245,St01,2017,6/18,2017/6/18,Summer
Or2Cr2245St01,273.7651912,8001,Cr2245,St01,2017,6/18,2017/6/18,Summer
Or2Cr2245St01,276.4827464,9001,Cr2245,St01,2017,6/18,2017/6/18,Summer
Or2Cr2245St01,278.6364827,10001,Cr2245,St01,2017,6/18,2017/6/18,Summer
Or2Cr2245St01,280.3582574,11001,Cr2245,St01,2017,6/18,2017/6/18,Summer
Or2Cr2245St01,281.7454441,12001,Cr2245,St01,2017,6/18,2017/6/18,Summer
Or2Cr2245St01,282.8716379,13001,Cr2245,St01,2017,6/18,2017/6/18,Summer
Or2Cr2245St01,283,13129,Cr2245,St01,2017,6/18,2017/6/18,Summer
Or2Cr2245St03,1,1,Cr2245,St03,2017,6/18,2017/6/18,Summer
Or2Cr2245St03,194.6528483,1001,Cr2245,St03,2017,6/18,2017/6/18,Summer
Or2Cr2245St03,250.0653147,2001,Cr2245,St03,2017,6/18,2017/6/18,Summer
Or2Cr2245St03,279.2728659,3001,Cr2245,St03,2017,6/18,2017/6/18,Summer
Or2Cr2245St03,297.7650589,4001,Cr2245,St03,2017,6/18,2017/6/18,Summer
Or2Cr2245St03,310.7485516,5001,Cr2245,St03,2017,6/18,2017/6/18,Summer
Or2Cr2245St03,320.4782105,6001,Cr2245,St03,2017,6/18,2017/6/18,Summer
Or2Cr2245St03,328.1033873,7001,Cr2245,St03,2017,6/18,2017/6/18,Summer
Or2Cr2245St03,334.2801086,8001,Cr2245,St03,2017,6/18,2017/6/18,Summer
Or2Cr2245St03,339.4127739,9001,Cr2245,St03,2017,6/18,2017/6/18,Summer
Or2Cr2245St03,343.7641118,10001,Cr2245,St03,2017,6/18,2017/6/18,Summer
Or2Cr2245St03,347.5115268,11001,Cr2245,St03,2017,6/18,2017/6/18,Summer
Or2Cr2245St03,350.7789402,12001,Cr2245,St03,2017,6/18,2017/6/18,Summer
Or2Cr2245St03,353.6562041,13001,Cr2245,St03,2017,6/18,2017/6/18,Summer
Or2Cr2245St03,354,13129,Cr2245,St03,2017,6/18,2017/6/18,Summer
Or2Cr2245St05,1,1,Cr2245,St05,2017,6/18,2017/6/18,Summer
Or2Cr2245St05,140.0800202,1001,Cr2245,St05,2017,6/18,2017/6/18,Summer
Or2Cr2245St05,179.7151663,2001,Cr2245,St05,2017,6/18,2017/6/18,Summer
Or2Cr2245St05,202.0944552,3001,Cr2245,St05,2017,6/18,2017/6/18,Summer
Or2Cr2245St05,217.1905254,4001,Cr2245,St05,2017,6/18,2017/6/18,Summer
Or2Cr2245St05,228.3429151,5001,Cr2245,St05,2017,6/18,2017/6/18,Summer
Or2Cr2245St05,237.0210097,6001,Cr2245,St05,2017,6/18,2017/6/18,Summer
Or2Cr2245St05,243.9960495,7001,Cr2245,St05,2017,6/18,2017/6/18,Summer
Or2Cr2245St05,249.7275781,8001,Cr2245,St05,2017,6/18,2017/6/18,Summer
Or2Cr2245St05,254.5155816,9001,Cr2245,St05,2017,6/18,2017/6/18,Summer
Or2Cr2245St05,258.5692525,10001,Cr2245,St05,2017,6/18,2017/6/18,Summer
Or2Cr2245St05,262.0418599,11001,Cr2245,St05,2017,6/18,2017/6/18,Summer
Or2Cr2245St05,265.0501257,12001,Cr2245,St05,2017,6/18,2017/6/18,Summer
Or2Cr2245St05,267.6856391,13001,Cr2245,St05,2017,6/18,2017/6/18,Summer
Or2Cr2245St05,268,13129,Cr2245,St05,2017,6/18,2017/6/18,Summer
Or2Cr2245St07,1,1,Cr2245,St07,2017,6/18,2017/6/18,Summer
Or2Cr2245St07,217.1621089,1001,Cr2245,St07,2017,6/18,2017/6/18,Summer
Or2Cr2245St07,288.80855,2001,Cr2245,St07,2017,6/18,2017/6/18,Summer
Or2Cr2245St07,330.4472062,3001,Cr2245,St07,2017,6/18,2017/6/18,Summer
Or2Cr2245St07,358.7727553,4001,Cr2245,St07,2017,6/18,2017/6/18,Summer
Or2Cr2245St07,379.6820041,5001,Cr2245,St07,2017,6/18,2017/6/18,Summer
Or2Cr2245St07,395.943291,6001,Cr2245,St07,2017,6/18,2017/6/18,Summer
Or2Cr2245St07,409.0767308,7001,Cr2245,St07,2017,6/18,2017/6/18,Summer
Or2Cr2245St07,419.9972967,8001,Cr2245,St07,2017,6/18,2017/6/18,Summer
Or2Cr2245St07,429.2889005,9001,Cr2245,St07,2017,6/18,2017/6/18,Summer
Or2Cr2245St07,437.3394967,10001,Cr2245,St07,2017,6/18,2017/6/18,Summer
Or2Cr2245St07,444.414396,11001,Cr2245,St07,2017,6/18,2017/6/18,Summer
Or2Cr2245St07,450.698674,12001,Cr2245,St07,2017,6/18,2017/6/18,Summer
Or2Cr2245St07,456.3227388,13001,Cr2245,St07,2017,6/18,2017/6/18,Summer
Or2Cr2245St07,457,13129,Cr2245,St07,2017,6/18,2017/6/18,Summer
Or2Cr2245St09,1,1,Cr2245,St09,2017,6/18,2017/6/18,Summer
Or2Cr2245St09,234.0877683,1001,Cr2245,St09,2017,6/18,2017/6/18,Summer
Or2Cr2245St09,307.9705657,2001,Cr2245,St09,2017,6/18,2017/6/18,Summer
Or2Cr2245St09,350.1507987,3001,Cr2245,St09,2017,6/18,2017/6/18,Summer
Or2Cr2245St09,378.2094322,4001,Cr2245,St09,2017,6/18,2017/6/18,Summer
Or2Cr2245St09,398.47647,5001,Cr2245,St09,2017,6/18,2017/6/18,Summer
Or2Cr2245St09,413.8975465,6001,Cr2245,St09,2017,6/18,2017/6/18,Summer
Or2Cr2245St09,426.0536002,7001,Cr2245,St09,2017,6/18,2017/6/18,Summer
Or2Cr2245St09,435.8806742,8001,Cr2245,St09,2017,6/18,2017/6/18,Summer
Or2Cr2245St09,443.9750103,9001,Cr2245,St09,2017,6/18,2017/6/18,Summer
Or2Cr2245St09,450.7382217,10001,Cr2245,St09,2017,6/18,2017/6/18,Summer
Or2Cr2245St09,456.4529047,11001,Cr2245,St09,2017,6/18,2017/6/18,Summer
Or2Cr2245St09,461.3248741,12001,Cr2245,St09,2017,6/18,2017/6/18,Summer
Or2Cr2245St09,465.5079686,13001,Cr2245,St09,2017,6/18,2017/6/18,Summer
Or2Cr2245St09,466,13129,Cr2245,St09,2017,6/18,2017/6/18,Summer
Or2Cr2245St11,1,1,Cr2245,St11,2017,6/18,2017/6/18,Summer
Or2Cr2245St11,202.0279446,1001,Cr2245,St11,2017,6/18,2017/6/18,Summer
Or2Cr2245St11,254.1303645,2001,Cr2245,St11,2017,6/18,2017/6/18,Summer
Or2Cr2245St11,280.8684368,3001,Cr2245,St11,2017,6/18,2017/6/18,Summer
Or2Cr2245St11,297.3428775,4001,Cr2245,St11,2017,6/18,2017/6/18,Summer
Or2Cr2245St11,308.5649411,5001,Cr2245,St11,2017,6/18,2017/6/18,Summer
Or2Cr2245St11,316.7373892,6001,Cr2245,St11,2017,6/18,2017/6/18,Summer
Or2Cr2245St11,322.9946814,7001,Cr2245,St11,2017,6/18,2017/6/18,Summer
Or2Cr2245St11,327.9821757,8001,Cr2245,St11,2017,6/18,2017/6/18,Summer
Or2Cr2245St11,332.0924622,9001,Cr2245,St11,2017,6/18,2017/6/18,Summer
Or2Cr2245St11,335.5767376,10001,Cr2245,St11,2017,6/18,2017/6/18,Summer
Or2Cr2245St11,338.6024988,11001,Cr2245,St11,2017,6/18,2017/6/18,Summer
Or2Cr2245St11,341.2851517,12001,Cr2245,St11,2017,6/18,2017/6/18,Summer
Or2Cr2245St11,343.7058988,13001,Cr2245,St11,2017,6/18,2017/6/18,Summer
Or2Cr2245St11,344,13129,Cr2245,St11,2017,6/18,2017/6/18,Summer
Or2Cr2248St01,1,1,Cr2248,St01,2017,7,2017/7,Summer
Or2Cr2248St01,141.2265707,1001,Cr2248,St01,2017,7,2017/7,Summer
Or2Cr2248St01,189.3582854,2001,Cr2248,St01,2017,7,2017/7,Summer
Or2Cr2248St01,217.6605954,3001,Cr2248,St01,2017,7,2017/7,Summer
Or2Cr2248St01,236.8705074,4001,Cr2248,St01,2017,7,2017/7,Summer
Or2Cr2248St01,250.9654357,5001,Cr2248,St01,2017,7,2017/7,Summer
Or2Cr2248St01,261.8234368,6001,Cr2248,St01,2017,7,2017/7,Summer
Or2Cr2248St01,270.4834117,7001,Cr2248,St01,2017,7,2017/7,Summer
Or2Cr2248St01,277.5818192,8001,Cr2248,St01,2017,7,2017/7,Summer
Or2Cr2248St01,283.5357225,9001,Cr2248,St01,2017,7,2017/7,Summer
Or2Cr2248St01,288.6319398,10001,Cr2248,St01,2017,7,2017/7,Summer
Or2Cr2248St01,293.0752403,11001,Cr2248,St01,2017,7,2017/7,Summer
Or2Cr2248St01,297.0162765,12001,Cr2248,St01,2017,7,2017/7,Summer
Or2Cr2248St01,300.5686425,13001,Cr2248,St01,2017,7,2017/7,Summer
Or2Cr2248St01,301,13129,Cr2248,St01,2017,7,2017/7,Summer
Or2Cr2248St03,1,1,Cr2248,St03,2017,7,2017/7,Summer
Or2Cr2248St03,213.6227479,1001,Cr2248,St03,2017,7,2017/7,Summer
Or2Cr2248St03,281.684143,2001,Cr2248,St03,2017,7,2017/7,Summer
Or2Cr2248St03,319.1310077,3001,Cr2248,St03,2017,7,2017/7,Summer
Or2Cr2248St03,343.1911783,4001,Cr2248,St03,2017,7,2017/7,Summer
Or2Cr2248St03,360.1813461,5001,Cr2248,St03,2017,7,2017/7,Summer
Or2Cr2248St03,372.9618243,6001,Cr2248,St03,2017,7,2017/7,Summer
Or2Cr2248St03,383.0079736,7001,Cr2248,St03,2017,7,2017/7,Summer
Or2Cr2248St03,391.1591673,8001,Cr2248,St03,2017,7,2017/7,Summer
Or2Cr2248St03,397.9311819,9001,Cr2248,St03,2017,7,2017/7,Summer
Or2Cr2248St03,403.6600835,10001,Cr2248,St03,2017,7,2017/7,Summer
Or2Cr2248St03,408.5744851,11001,Cr2248,St03,2017,7,2017/7,Summer
Or2Cr2248St03,412.8350207,12001,Cr2248,St03,2017,7,2017/7,Summer
Or2Cr2248St03,416.5576679,13001,Cr2248,St03,2017,7,2017/7,Summer
Or2Cr2248St03,417,13129,Cr2248,St03,2017,7,2017/7,Summer
Or2Cr2248St05,1,1,Cr2248,St05,2017,7,2017/7,Summer
Or2Cr2248St05,159.9156857,1001,Cr2248,St05,2017,7,2017/7,Summer
Or2Cr2248St05,196.4417884,2001,Cr2248,St05,2017,7,2017/7,Summer
Or2Cr2248St05,214.069662,3001,Cr2248,St05,2017,7,2017/7,Summer
Or2Cr2248St05,224.8812331,4001,Cr2248,St05,2017,7,2017/7,Summer
Or2Cr2248St05,232.4677828,5001,Cr2248,St05,2017,7,2017/7,Summer
Or2Cr2248St05,238.2356726,6001,Cr2248,St05,2017,7,2017/7,Summer
Or2Cr2248St05,242.8418786,7001,Cr2248,St05,2017,7,2017/7,Summer
Or2Cr2248St05,246.6374477,8001,Cr2248,St05,2017,7,2017/7,Summer
Or2Cr2248St05,249.8315781,9001,Cr2248,St05,2017,7,2017/7,Summer
Or2Cr2248St05,252.5602379,10001,Cr2248,St05,2017,7,2017/7,Summer
Or2Cr2248St05,254.9180115,11001,Cr2248,St05,2017,7,2017/7,Summer
Or2Cr2248St05,256.9745355,12001,Cr2248,St05,2017,7,2017/7,Summer
Or2Cr2248St05,258.783896,13001,Cr2248,St05,2017,7,2017/7,Summer
Or2Cr2248St05,259,13129,Cr2248,St05,2017,7,2017/7,Summer
Or2Cr2248St07,1,1,Cr2248,St07,2017,7,2017/7,Summer
Or2Cr2248St07,165.4628575,1001,Cr2248,St07,2017,7,2017/7,Summer
Or2Cr2248St07,219.4514548,2001,Cr2248,St07,2017,7,2017/7,Summer
Or2Cr2248St07,249.5575851,3001,Cr2248,St07,2017,7,2017/7,Summer
Or2Cr2248St07,268.9672743,4001,Cr2248,St07,2017,7,2017/7,Summer
Or2Cr2248St07,282.5190782,5001,Cr2248,St07,2017,7,2017/7,Summer
Or2Cr2248St07,292.4894124,6001,Cr2248,St07,2017,7,2017/7,Summer
Or2Cr2248St07,300.1017155,7001,Cr2248,St07,2017,7,2017/7,Summer
Or2Cr2248St07,306.0723172,8001,Cr2248,St07,2017,7,2017/7,Summer
Or2Cr2248St07,310.8482034,9001,Cr2248,St07,2017,7,2017/7,Summer
Or2Cr2248St07,314.7239532,10001,Cr2248,St07,2017,7,2017/7,Summer
Or2Cr2248St07,317.9042269,11001,Cr2248,St07,2017,7,2017/7,Summer
Or2Cr2248St07,320.5389812,12001,Cr2248,St07,2017,7,2017/7,Summer
Or2Cr2248St07,322.7438463,13001,Cr2248,St07,2017,7,2017/7,Summer
Or2Cr2248St07,323,13129,Cr2248,St07,2017,7,2017/7,Summer
Or2Cr2248St09,1,1,Cr2248,St09,2017,7,2017/7,Summer
Or2Cr2248St09,188.3953723,1001,Cr2248,St09,2017,7,2017/7,Summer
Or2Cr2248St09,242.2478938,2001,Cr2248,St09,2017,7,2017/7,Summer
Or2Cr2248St09,269.7429482,3001,Cr2248,St09,2017,7,2017/7,Summer
Or2Cr2248St09,286.2491673,4001,Cr2248,St09,2017,7,2017/7,Summer
Or2Cr2248St09,297.1069008,5001,Cr2248,St09,2017,7,2017/7,Summer
Or2Cr2248St09,304.7070713,6001,Cr2248,St09,2017,7,2017/7,Summer
Or2Cr2248St09,310.2715219,7001,Cr2248,St09,2017,7,2017/7,Summer
Or2Cr2248St09,314.4737204,8001,Cr2248,St09,2017,7,2017/7,Summer
Or2Cr2248St09,317.7080543,9001,Cr2248,St09,2017,7,2017/7,Summer
Or2Cr2248St09,320.2209949,10001,Cr2248,St09,2017,7,2017/7,Summer
Or2Cr2248St09,322.1779765,11001,Cr2248,St09,2017,7,2017/7,Summer
Or2Cr2248St09,323.6979169,12001,Cr2248,St09,2017,7,2017/7,Summer
Or2Cr2248St09,324.8710674,13001,Cr2248,St09,2017,7,2017/7,Summer
Or2Cr2248St09,325,13129,Cr2248,St09,2017,7,2017/7,Summer
Or2Cr2248St11,1,1,Cr2248,St11,2017,7,2017/7,Summer
Or2Cr2248St11,145.4163529,1001,Cr2248,St11,2017,7,2017/7,Summer
Or2Cr2248St11,197.0760811,2001,Cr2248,St11,2017,7,2017/7,Summer
Or2Cr2248St11,228.3563194,3001,Cr2248,St11,2017,7,2017/7,Summer
Or2Cr2248St11,249.8364645,4001,Cr2248,St11,2017,7,2017/7,Summer
Or2Cr2248St11,265.6411197,5001,Cr2248,St11,2017,7,2017/7,Summer
Or2Cr2248St11,277.8157741,6001,Cr2248,St11,2017,7,2017/7,Summer
Or2Cr2248St11,287.5133847,7001,Cr2248,St11,2017,7,2017/7,Summer
Or2Cr2248St11,295.4406441,8001,Cr2248,St11,2017,7,2017/7,Summer
Or2Cr2248St11,302.058525,9001,Cr2248,St11,2017,7,2017/7,Summer
Or2Cr2248St11,307.6825815,10001,Cr2248,St11,2017,7,2017/7,Summer
Or2Cr2248St11,312.536943,11001,Cr2248,St11,2017,7,2017/7,Summer
Or2Cr2248St11,316.7851167,12001,Cr2248,St11,2017,7,2017/7,Summer
Or2Cr2248St11,320.5483891,13001,Cr2248,St11,2017,7,2017/7,Summer
Or2Cr2248St11,321,13129,Cr2248,St11,2017,7,2017/7,Summer
