SampleHNF_ID,Richness,Size,Ship,Cruise,Station,Year,Month,DateID,Season
Or2Cr2014St01,1,1,Or2,Cr2014,St01,2014,4,2014/4,Spring
Or2Cr2014St01,10.16100971,51,Or2,Cr2014,St01,2014,4,2014/4,Spring
Or2Cr2014St01,12.17338733,101,Or2,Cr2014,St01,2014,4,2014/4,Spring
Or2Cr2014St01,13.25883765,151,Or2,Cr2014,St01,2014,4,2014/4,Spring
Or2Cr2014St01,13.95237685,201,Or2,Cr2014,St01,2014,4,2014/4,Spring
Or2Cr2014St01,14.43852036,251,Or2,Cr2014,St01,2014,4,2014/4,Spring
Or2Cr2014St01,14.80997676,301,Or2,Cr2014,St01,2014,4,2014/4,Spring
Or2Cr2014St01,15,331,Or2,Cr2014,St01,2014,4,2014/4,Spring
Or2Cr2014St03,1,1,Or2,Cr2014,St03,2014,4,2014/4,Spring
Or2Cr2014St03,3.392452093,51,Or2,Cr2014,St03,2014,4,2014/4,Spring
Or2Cr2014St03,5.122856324,101,Or2,Cr2014,St03,2014,4,2014/4,Spring
Or2Cr2014St03,6.41309837,151,Or2,Cr2014,St03,2014,4,2014/4,Spring
Or2Cr2014St03,7.386318631,201,Or2,Cr2014,St03,2014,4,2014/4,Spring
Or2Cr2014St03,8.131021978,251,Or2,Cr2014,St03,2014,4,2014/4,Spring
Or2Cr2014St03,8.710806832,301,Or2,Cr2014,St03,2014,4,2014/4,Spring
Or2Cr2014St03,9,331,Or2,Cr2014,St03,2014,4,2014/4,Spring
Or2Cr2014St05,1,1,Or2,Cr2014,St05,2014,4,2014/4,Spring
Or2Cr2014St05,15.16625924,51,Or2,Cr2014,St05,2014,4,2014/4,Spring
Or2Cr2014St05,19.53540115,101,Or2,Cr2014,St05,2014,4,2014/4,Spring
Or2Cr2014St05,22.2993409,151,Or2,Cr2014,St05,2014,4,2014/4,Spring
Or2Cr2014St05,24.36340831,201,Or2,Cr2014,St05,2014,4,2014/4,Spring
Or2Cr2014St05,25.99774102,251,Or2,Cr2014,St05,2014,4,2014/4,Spring
Or2Cr2014St05,27.32494043,301,Or2,Cr2014,St05,2014,4,2014/4,Spring
Or2Cr2014St05,28,331,Or2,Cr2014,St05,2014,4,2014/4,Spring
Or2Cr2014St07,1,1,Or2,Cr2014,St07,2014,4,2014/4,Spring
Or2Cr2014St07,8.4134466,51,Or2,Cr2014,St07,2014,4,2014/4,Spring
Or2Cr2014St07,11.03407835,101,Or2,Cr2014,St07,2014,4,2014/4,Spring
Or2Cr2014St07,12.75117558,151,Or2,Cr2014,St07,2014,4,2014/4,Spring
Or2Cr2014St07,13.96652957,201,Or2,Cr2014,St07,2014,4,2014/4,Spring
Or2Cr2014St07,14.88592886,251,Or2,Cr2014,St07,2014,4,2014/4,Spring
Or2Cr2014St07,15.62011625,301,Or2,Cr2014,St07,2014,4,2014/4,Spring
Or2Cr2014St07,16,331,Or2,Cr2014,St07,2014,4,2014/4,Spring
Or2Cr2014St09,1,1,Or2,Cr2014,St09,2014,4,2014/4,Spring
Or2Cr2014St09,7.954546771,51,Or2,Cr2014,St09,2014,4,2014/4,Spring
Or2Cr2014St09,10.94342499,101,Or2,Cr2014,St09,2014,4,2014/4,Spring
Or2Cr2014St09,12.69172147,151,Or2,Cr2014,St09,2014,4,2014/4,Spring
Or2Cr2014St09,13.74905416,201,Or2,Cr2014,St09,2014,4,2014/4,Spring
Or2Cr2014St09,14.39405196,251,Or2,Cr2014,St09,2014,4,2014/4,Spring
Or2Cr2014St09,14.8078871,301,Or2,Cr2014,St09,2014,4,2014/4,Spring
Or2Cr2014St09,15,331,Or2,Cr2014,St09,2014,4,2014/4,Spring
Or2Cr2014St11,1,1,Or2,Cr2014,St11,2014,4,2014/4,Spring
Or2Cr2014St11,10.08739558,51,Or2,Cr2014,St11,2014,4,2014/4,Spring
Or2Cr2014St11,13.09654075,101,Or2,Cr2014,St11,2014,4,2014/4,Spring
Or2Cr2014St11,14.76907982,151,Or2,Cr2014,St11,2014,4,2014/4,Spring
Or2Cr2014St11,15.93532444,201,Or2,Cr2014,St11,2014,4,2014/4,Spring
Or2Cr2014St11,16.85600197,251,Or2,Cr2014,St11,2014,4,2014/4,Spring
Or2Cr2014St11,17.61351117,301,Or2,Cr2014,St11,2014,4,2014/4,Spring
Or2Cr2014St11,18,331,Or2,Cr2014,St11,2014,4,2014/4,Spring
Or2Cr2023St05,1,1,Or2,Cr2023,St05,2014,5,2014/5,Spring
Or2Cr2023St05,9.683130494,51,Or2,Cr2023,St05,2014,5,2014/5,Spring
Or2Cr2023St05,12.43218375,101,Or2,Cr2023,St05,2014,5,2014/5,Spring
Or2Cr2023St05,13.94292495,151,Or2,Cr2023,St05,2014,5,2014/5,Spring
Or2Cr2023St05,14.8415984,201,Or2,Cr2023,St05,2014,5,2014/5,Spring
Or2Cr2023St05,15.41325208,251,Or2,Cr2023,St05,2014,5,2014/5,Spring
Or2Cr2023St05,15.80867175,301,Or2,Cr2023,St05,2014,5,2014/5,Spring
Or2Cr2023St05,16,331,Or2,Cr2023,St05,2014,5,2014/5,Spring
Or2Cr2023St07,1,1,Or2,Cr2023,St07,2014,5,2014/5,Spring
Or2Cr2023St07,8.239595501,51,Or2,Cr2023,St07,2014,5,2014/5,Spring
Or2Cr2023St07,9.125329019,101,Or2,Cr2023,St07,2014,5,2014/5,Spring
Or2Cr2023St07,9.538216211,151,Or2,Cr2023,St07,2014,5,2014/5,Spring
Or2Cr2023St07,9.786243518,201,Or2,Cr2023,St07,2014,5,2014/5,Spring
Or2Cr2023St07,9.928414139,251,Or2,Cr2023,St07,2014,5,2014/5,Spring
Or2Cr2023St07,9.991357294,301,Or2,Cr2023,St07,2014,5,2014/5,Spring
Or2Cr2023St07,10,331,Or2,Cr2023,St07,2014,5,2014/5,Spring
Or2Cr2023St09,1,1,Or2,Cr2023,St09,2014,5,2014/5,Spring
Or2Cr2023St09,8.331200527,51,Or2,Cr2023,St09,2014,5,2014/5,Spring
Or2Cr2023St09,9.201287055,101,Or2,Cr2023,St09,2014,5,2014/5,Spring
Or2Cr2023St09,9.445694621,151,Or2,Cr2023,St09,2014,5,2014/5,Spring
Or2Cr2023St09,9.606655684,201,Or2,Cr2023,St09,2014,5,2014/5,Spring
Or2Cr2023St09,9.758298791,251,Or2,Cr2023,St09,2014,5,2014/5,Spring
Or2Cr2023St09,9.909365557,301,Or2,Cr2023,St09,2014,5,2014/5,Spring
Or2Cr2023St09,10,331,Or2,Cr2023,St09,2014,5,2014/5,Spring
Or2Cr2023St11,1,1,Or2,Cr2023,St11,2014,5,2014/5,Spring
Or2Cr2023St11,7.555229808,51,Or2,Cr2023,St11,2014,5,2014/5,Spring
Or2Cr2023St11,8.935619266,101,Or2,Cr2023,St11,2014,5,2014/5,Spring
Or2Cr2023St11,9.490178988,151,Or2,Cr2023,St11,2014,5,2014/5,Spring
Or2Cr2023St11,9.777295425,201,Or2,Cr2023,St11,2014,5,2014/5,Spring
Or2Cr2023St11,9.927665585,251,Or2,Cr2023,St11,2014,5,2014/5,Spring
Or2Cr2023St11,9.991352858,301,Or2,Cr2023,St11,2014,5,2014/5,Spring
Or2Cr2023St11,10,331,Or2,Cr2023,St11,2014,5,2014/5,Spring
Or2Cr2039St01,1,1,Or2,Cr2039,St01,2014,7,2014/7,Summer
Or2Cr2039St01,7.474710721,51,Or2,Cr2039,St01,2014,7,2014/7,Summer
Or2Cr2039St01,9.383066314,101,Or2,Cr2039,St01,2014,7,2014/7,Summer
Or2Cr2039St01,10.48026539,151,Or2,Cr2039,St01,2014,7,2014/7,Summer
Or2Cr2039St01,11.17001843,201,Or2,Cr2039,St01,2014,7,2014/7,Summer
Or2Cr2039St01,11.61435762,251,Or2,Cr2039,St01,2014,7,2014/7,Summer
Or2Cr2039St01,11.89207569,301,Or2,Cr2039,St01,2014,7,2014/7,Summer
Or2Cr2039St01,12,331,Or2,Cr2039,St01,2014,7,2014/7,Summer
Or2Cr2039St03,1,1,Or2,Cr2039,St03,2014,7,2014/7,Summer
Or2Cr2039St03,4.812858967,51,Or2,Cr2039,St03,2014,7,2014/7,Summer
Or2Cr2039St03,6.135236236,101,Or2,Cr2039,St03,2014,7,2014/7,Summer
Or2Cr2039St03,7.004744122,151,Or2,Cr2039,St03,2014,7,2014/7,Summer
Or2Cr2039St03,7.550350162,201,Or2,Cr2039,St03,2014,7,2014/7,Summer
Or2Cr2039St03,7.853625687,251,Or2,Cr2039,St03,2014,7,2014/7,Summer
Or2Cr2039St03,7.982658793,301,Or2,Cr2039,St03,2014,7,2014/7,Summer
Or2Cr2039St03,8,331,Or2,Cr2039,St03,2014,7,2014/7,Summer
Or2Cr2039St05,1,1,Or2,Cr2039,St05,2014,7,2014/7,Summer
Or2Cr2039St05,8.190854815,51,Or2,Cr2039,St05,2014,7,2014/7,Summer
Or2Cr2039St05,8.860874688,101,Or2,Cr2039,St05,2014,7,2014/7,Summer
Or2Cr2039St05,8.979313576,151,Or2,Cr2039,St05,2014,7,2014/7,Summer
Or2Cr2039St05,8.99819949,201,Or2,Cr2039,St05,2014,7,2014/7,Summer
Or2Cr2039St05,8.99995196,251,Or2,Cr2039,St05,2014,7,2014/7,Summer
Or2Cr2039St05,8.999999973,301,Or2,Cr2039,St05,2014,7,2014/7,Summer
Or2Cr2039St05,9,331,Or2,Cr2039,St05,2014,7,2014/7,Summer
Or2Cr2039St07,1,1,Or2,Cr2039,St07,2014,7,2014/7,Summer
Or2Cr2039St07,11.54045052,51,Or2,Cr2039,St07,2014,7,2014/7,Summer
Or2Cr2039St07,14.1750915,101,Or2,Cr2039,St07,2014,7,2014/7,Summer
Or2Cr2039St07,15.437994,151,Or2,Cr2039,St07,2014,7,2014/7,Summer
Or2Cr2039St07,16.16423082,201,Or2,Cr2039,St07,2014,7,2014/7,Summer
Or2Cr2039St07,16.61405005,251,Or2,Cr2039,St07,2014,7,2014/7,Summer
Or2Cr2039St07,16.89207503,301,Or2,Cr2039,St07,2014,7,2014/7,Summer
Or2Cr2039St07,17,331,Or2,Cr2039,St07,2014,7,2014/7,Summer
Or2Cr2039St09,1,1,Or2,Cr2039,St09,2014,7,2014/7,Summer
Or2Cr2039St09,9.2862664,51,Or2,Cr2039,St09,2014,7,2014/7,Summer
Or2Cr2039St09,10.7629705,101,Or2,Cr2039,St09,2014,7,2014/7,Summer
Or2Cr2039St09,11.35696984,151,Or2,Cr2039,St09,2014,7,2014/7,Summer
Or2Cr2039St09,11.68600922,201,Or2,Cr2039,St09,2014,7,2014/7,Summer
Or2Cr2039St09,11.88393597,251,Or2,Cr2039,St09,2014,7,2014/7,Summer
Or2Cr2039St09,11.98406963,301,Or2,Cr2039,St09,2014,7,2014/7,Summer
Or2Cr2039St09,12,331,Or2,Cr2039,St09,2014,7,2014/7,Summer
Or2Cr2039St11,1,1,Or2,Cr2039,St11,2014,7,2014/7,Summer
Or2Cr2039St11,11.25644556,51,Or2,Cr2039,St11,2014,7,2014/7,Summer
Or2Cr2039St11,12.52387573,101,Or2,Cr2039,St11,2014,7,2014/7,Summer
Or2Cr2039St11,12.87927839,151,Or2,Cr2039,St11,2014,7,2014/7,Summer
Or2Cr2039St11,12.97866296,201,Or2,Cr2039,St11,2014,7,2014/7,Summer
Or2Cr2039St11,12.99833041,251,Or2,Cr2039,St11,2014,7,2014/7,Summer
Or2Cr2039St11,12.99999079,301,Or2,Cr2039,St11,2014,7,2014/7,Summer
Or2Cr2039St11,13,331,Or2,Cr2039,St11,2014,7,2014/7,Summer
Or2Cr2046St01,1,1,Or2,Cr2046,St01,2014,8,2014/8,Summer
Or2Cr2046St01,6.649826235,51,Or2,Cr2046,St01,2014,8,2014/8,Summer
Or2Cr2046St01,7.426707121,101,Or2,Cr2046,St01,2014,8,2014/8,Summer
Or2Cr2046St01,7.695296302,151,Or2,Cr2046,St01,2014,8,2014/8,Summer
Or2Cr2046St01,7.845895623,201,Or2,Cr2046,St01,2014,8,2014/8,Summer
Or2Cr2046St01,7.94213115,251,Or2,Cr2046,St01,2014,8,2014/8,Summer
Or2Cr2046St01,7.992035153,301,Or2,Cr2046,St01,2014,8,2014/8,Summer
Or2Cr2046St01,8,331,Or2,Cr2046,St01,2014,8,2014/8,Summer
Or2Cr2046St03,1,1,Or2,Cr2046,St03,2014,8,2014/8,Summer
Or2Cr2046St03,9.082772213,51,Or2,Cr2046,St03,2014,8,2014/8,Summer
Or2Cr2046St03,9.740163361,101,Or2,Cr2046,St03,2014,8,2014/8,Summer
Or2Cr2046St03,9.912783396,151,Or2,Cr2046,St03,2014,8,2014/8,Summer
Or2Cr2046St03,9.976856966,201,Or2,Cr2046,St03,2014,8,2014/8,Summer
Or2Cr2046St03,9.996779716,251,Or2,Cr2046,St03,2014,8,2014/8,Summer
Or2Cr2046St03,9.999944201,301,Or2,Cr2046,St03,2014,8,2014/8,Summer
Or2Cr2046St03,10,331,Or2,Cr2046,St03,2014,8,2014/8,Summer
Or2Cr2046St07,1,1,Or2,Cr2046,St07,2014,8,2014/8,Summer
Or2Cr2046St07,5.321039817,51,Or2,Cr2046,St07,2014,8,2014/8,Summer
Or2Cr2046St07,6.126536372,101,Or2,Cr2046,St07,2014,8,2014/8,Summer
Or2Cr2046St07,6.572552679,151,Or2,Cr2046,St07,2014,8,2014/8,Summer
Or2Cr2046St07,6.814431265,201,Or2,Cr2046,St07,2014,8,2014/8,Summer
Or2Cr2046St07,6.93817174,251,Or2,Cr2046,St07,2014,8,2014/8,Summer
Or2Cr2046St07,6.991974919,301,Or2,Cr2046,St07,2014,8,2014/8,Summer
Or2Cr2046St07,7,331,Or2,Cr2046,St07,2014,8,2014/8,Summer
Or2Cr2046St09,1,1,Or2,Cr2046,St09,2014,8,2014/8,Summer
Or2Cr2046St09,5.970261639,51,Or2,Cr2046,St09,2014,8,2014/8,Summer
Or2Cr2046St09,6.679638644,101,Or2,Cr2046,St09,2014,8,2014/8,Summer
Or2Cr2046St09,6.90297253,151,Or2,Cr2046,St09,2014,8,2014/8,Summer
Or2Cr2046St09,6.976190274,201,Or2,Cr2046,St09,2014,8,2014/8,Summer
Or2Cr2046St09,6.996768939,251,Or2,Cr2046,St09,2014,8,2014/8,Summer
Or2Cr2046St09,6.999944199,301,Or2,Cr2046,St09,2014,8,2014/8,Summer
Or2Cr2046St09,7,331,Or2,Cr2046,St09,2014,8,2014/8,Summer
Or2Cr2046St11,1,1,Or2,Cr2046,St11,2014,8,2014/8,Summer
Or2Cr2046St11,13.69305314,51,Or2,Cr2046,St11,2014,8,2014/8,Summer
Or2Cr2046St11,17.45250675,101,Or2,Cr2046,St11,2014,8,2014/8,Summer
Or2Cr2046St11,19.0140424,151,Or2,Cr2046,St11,2014,8,2014/8,Summer
Or2Cr2046St11,19.66460636,201,Or2,Cr2046,St11,2014,8,2014/8,Summer
Or2Cr2046St11,19.91348713,251,Or2,Cr2046,St11,2014,8,2014/8,Summer
Or2Cr2046St11,19.99112418,301,Or2,Cr2046,St11,2014,8,2014/8,Summer
Or2Cr2046St11,20,331,Or2,Cr2046,St11,2014,8,2014/8,Summer
Or2Cr2053St01,1,1,Or2,Cr2053,St01,2014,9,2014/9,Autumn
Or2Cr2053St01,8.288511195,51,Or2,Cr2053,St01,2014,9,2014/9,Autumn
Or2Cr2053St01,9.555204167,101,Or2,Cr2053,St01,2014,9,2014/9,Autumn
Or2Cr2053St01,10.37152817,151,Or2,Cr2053,St01,2014,9,2014/9,Autumn
Or2Cr2053St01,10.97811131,201,Or2,Cr2053,St01,2014,9,2014/9,Autumn
Or2Cr2053St01,11.44181903,251,Or2,Cr2053,St01,2014,9,2014/9,Autumn
Or2Cr2053St01,11.81003261,301,Or2,Cr2053,St01,2014,9,2014/9,Autumn
Or2Cr2053St01,12,331,Or2,Cr2053,St01,2014,9,2014/9,Autumn
Or2Cr2053St03,1,1,Or2,Cr2053,St03,2014,9,2014/9,Autumn
Or2Cr2053St03,8.907521092,51,Or2,Cr2053,St03,2014,9,2014/9,Autumn
Or2Cr2053St03,10.26097444,101,Or2,Cr2053,St03,2014,9,2014/9,Autumn
Or2Cr2053St03,11.02154355,151,Or2,Cr2053,St03,2014,9,2014/9,Autumn
Or2Cr2053St03,11.51578586,201,Or2,Cr2053,St03,2014,9,2014/9,Autumn
Or2Cr2053St03,11.82319222,251,Or2,Cr2053,St03,2014,9,2014/9,Autumn
Or2Cr2053St03,11.97604966,301,Or2,Cr2053,St03,2014,9,2014/9,Autumn
Or2Cr2053St03,12,331,Or2,Cr2053,St03,2014,9,2014/9,Autumn
Or2Cr2053St05,1,1,Or2,Cr2053,St05,2014,9,2014/9,Autumn
Or2Cr2053St05,9.151549485,51,Or2,Cr2053,St05,2014,9,2014/9,Autumn
Or2Cr2053St05,10.30800917,101,Or2,Cr2053,St05,2014,9,2014/9,Autumn
Or2Cr2053St05,10.84914418,151,Or2,Cr2053,St05,2014,9,2014/9,Autumn
Or2Cr2053St05,11.20636237,201,Or2,Cr2053,St05,2014,9,2014/9,Autumn
Or2Cr2053St05,11.51623273,251,Or2,Cr2053,St05,2014,9,2014/9,Autumn
Or2Cr2053St05,11.81873041,301,Or2,Cr2053,St05,2014,9,2014/9,Autumn
Or2Cr2053St05,12,331,Or2,Cr2053,St05,2014,9,2014/9,Autumn
Or2Cr2053St07,1,1,Or2,Cr2053,St07,2014,9,2014/9,Autumn
Or2Cr2053St07,6.24970055,51,Or2,Cr2053,St07,2014,9,2014/9,Autumn
Or2Cr2053St07,6.942410511,101,Or2,Cr2053,St07,2014,9,2014/9,Autumn
Or2Cr2053St07,7.294974643,151,Or2,Cr2053,St07,2014,9,2014/9,Autumn
Or2Cr2053St07,7.547482984,201,Or2,Cr2053,St07,2014,9,2014/9,Autumn
Or2Cr2053St07,7.744590577,251,Or2,Cr2053,St07,2014,9,2014/9,Autumn
Or2Cr2053St07,7.9086877,301,Or2,Cr2053,St07,2014,9,2014/9,Autumn
Or2Cr2053St07,8,331,Or2,Cr2053,St07,2014,9,2014/9,Autumn
Or2Cr2053St09,1,1,Or2,Cr2053,St09,2014,9,2014/9,Autumn
Or2Cr2053St09,13.80056901,51,Or2,Cr2053,St09,2014,9,2014/9,Autumn
Or2Cr2053St09,16.71439467,101,Or2,Cr2053,St09,2014,9,2014/9,Autumn
Or2Cr2053St09,18.01116747,151,Or2,Cr2053,St09,2014,9,2014/9,Autumn
Or2Cr2053St09,18.81473288,201,Or2,Cr2053,St09,2014,9,2014/9,Autumn
Or2Cr2053St09,19.38319879,251,Or2,Cr2053,St09,2014,9,2014/9,Autumn
Or2Cr2053St09,19.80206333,301,Or2,Cr2053,St09,2014,9,2014/9,Autumn
Or2Cr2053St09,20,331,Or2,Cr2053,St09,2014,9,2014/9,Autumn
Or2Cr2053St11,1,1,Or2,Cr2053,St11,2014,9,2014/9,Autumn
Or2Cr2053St11,8.350054328,51,Or2,Cr2053,St11,2014,9,2014/9,Autumn
Or2Cr2053St11,9.236537884,101,Or2,Cr2053,St11,2014,9,2014/9,Autumn
Or2Cr2053St11,9.614880006,151,Or2,Cr2053,St11,2014,9,2014/9,Autumn
Or2Cr2053St11,9.823202412,201,Or2,Cr2053,St11,2014,9,2014/9,Autumn
Or2Cr2053St11,9.938919311,251,Or2,Cr2053,St11,2014,9,2014/9,Autumn
Or2Cr2053St11,9.991979356,301,Or2,Cr2053,St11,2014,9,2014/9,Autumn
Or2Cr2053St11,10,331,Or2,Cr2053,St11,2014,9,2014/9,Autumn
Or2Cr2099St01,1,1,Or2,Cr2099,St01,2015,6,2015/6,Summer
Or2Cr2099St01,4.956077773,51,Or2,Cr2099,St01,2015,6,2015/6,Summer
Or2Cr2099St01,5.88743799,101,Or2,Cr2099,St01,2015,6,2015/6,Summer
Or2Cr2099St01,6.331868552,151,Or2,Cr2099,St01,2015,6,2015/6,Summer
Or2Cr2099St01,6.57940214,201,Or2,Cr2099,St01,2015,6,2015/6,Summer
Or2Cr2099St01,6.754876506,251,Or2,Cr2099,St01,2015,6,2015/6,Summer
Or2Cr2099St01,6.909309394,301,Or2,Cr2099,St01,2015,6,2015/6,Summer
Or2Cr2099St01,7,331,Or2,Cr2099,St01,2015,6,2015/6,Summer
Or2Cr2099St03,1,1,Or2,Cr2099,St03,2015,6,2015/6,Summer
Or2Cr2099St03,5.324918935,51,Or2,Cr2099,St03,2015,6,2015/6,Summer
Or2Cr2099St03,6.395577835,101,Or2,Cr2099,St03,2015,6,2015/6,Summer
Or2Cr2099St03,6.814050014,151,Or2,Cr2099,St03,2015,6,2015/6,Summer
Or2Cr2099St03,6.958553911,201,Or2,Cr2099,St03,2015,6,2015/6,Summer
Or2Cr2099St03,6.99527403,251,Or2,Cr2099,St03,2015,6,2015/6,Summer
Or2Cr2099St03,6.999935326,301,Or2,Cr2099,St03,2015,6,2015/6,Summer
Or2Cr2099St03,7,331,Or2,Cr2099,St03,2015,6,2015/6,Summer
Or2Cr2099St05,1,1,Or2,Cr2099,St05,2015,6,2015/6,Summer
Or2Cr2099St05,8.10548302,51,Or2,Cr2099,St05,2015,6,2015/6,Summer
Or2Cr2099St05,9.059689336,101,Or2,Cr2099,St05,2015,6,2015/6,Summer
Or2Cr2099St05,9.519966593,151,Or2,Cr2099,St05,2015,6,2015/6,Summer
Or2Cr2099St05,9.783312132,201,Or2,Cr2099,St05,2015,6,2015/6,Summer
Or2Cr2099St05,9.928250766,251,Or2,Cr2099,St05,2015,6,2015/6,Summer
Or2Cr2099St05,9.991356956,301,Or2,Cr2099,St05,2015,6,2015/6,Summer
Or2Cr2099St05,10,331,Or2,Cr2099,St05,2015,6,2015/6,Summer
Or2Cr2099St07,1,1,Or2,Cr2099,St07,2015,6,2015/6,Summer
Or2Cr2099St07,12.36101958,51,Or2,Cr2099,St07,2015,6,2015/6,Summer
Or2Cr2099St07,14.45471042,101,Or2,Cr2099,St07,2015,6,2015/6,Summer
Or2Cr2099St07,15.70640426,151,Or2,Cr2099,St07,2015,6,2015/6,Summer
Or2Cr2099St07,16.63441278,201,Or2,Cr2099,St07,2015,6,2015/6,Summer
Or2Cr2099St07,17.31560258,251,Or2,Cr2099,St07,2015,6,2015/6,Summer
Or2Cr2099St07,17.79348087,301,Or2,Cr2099,St07,2015,6,2015/6,Summer
Or2Cr2099St07,18,331,Or2,Cr2099,St07,2015,6,2015/6,Summer
Or2Cr2099St09,1,1,Or2,Cr2099,St09,2015,6,2015/6,Summer
Or2Cr2099St09,15.34026446,51,Or2,Cr2099,St09,2015,6,2015/6,Summer
Or2Cr2099St09,18.76457859,101,Or2,Cr2099,St09,2015,6,2015/6,Summer
Or2Cr2099St09,20.76462445,151,Or2,Cr2099,St09,2015,6,2015/6,Summer
Or2Cr2099St09,22.22501986,201,Or2,Cr2099,St09,2015,6,2015/6,Summer
Or2Cr2099St09,23.41374953,251,Or2,Cr2099,St09,2015,6,2015/6,Summer
Or2Cr2099St09,24.43947384,301,Or2,Cr2099,St09,2015,6,2015/6,Summer
Or2Cr2099St09,25,331,Or2,Cr2099,St09,2015,6,2015/6,Summer
Or2Cr2099St11,1,1,Or2,Cr2099,St11,2015,6,2015/6,Summer
Or2Cr2099St11,9.105669443,51,Or2,Cr2099,St11,2015,6,2015/6,Summer
Or2Cr2099St11,10.87691421,101,Or2,Cr2099,St11,2015,6,2015/6,Summer
Or2Cr2099St11,11.78507239,151,Or2,Cr2099,St11,2015,6,2015/6,Summer
Or2Cr2099St11,12.3269285,201,Or2,Cr2099,St11,2015,6,2015/6,Summer
Or2Cr2099St11,12.67266046,251,Or2,Cr2099,St11,2015,6,2015/6,Summer
Or2Cr2099St11,12.90004431,301,Or2,Cr2099,St11,2015,6,2015/6,Summer
Or2Cr2099St11,13,331,Or2,Cr2099,St11,2015,6,2015/6,Summer
Or2Cr2109St01,1,1,Or2,Cr2109,St01,2015,7,2015/7,Summer
Or2Cr2109St01,8.022712079,51,Or2,Cr2109,St01,2015,7,2015/7,Summer
Or2Cr2109St01,11.02393389,101,Or2,Cr2109,St01,2015,7,2015/7,Summer
Or2Cr2109St01,12.69650419,151,Or2,Cr2109,St01,2015,7,2015/7,Summer
Or2Cr2109St01,13.75918433,201,Or2,Cr2109,St01,2015,7,2015/7,Summer
Or2Cr2109St01,14.45371519,251,Or2,Cr2109,St01,2015,7,2015/7,Summer
Or2Cr2109St01,14.86885455,301,Or2,Cr2109,St01,2015,7,2015/7,Summer
Or2Cr2109St01,15,331,Or2,Cr2109,St01,2015,7,2015/7,Summer
Or2Cr2109St03,1,1,Or2,Cr2109,St03,2015,7,2015/7,Summer
Or2Cr2109St03,6.035290931,51,Or2,Cr2109,St03,2015,7,2015/7,Summer
Or2Cr2109St03,7.635074479,101,Or2,Cr2109,St03,2015,7,2015/7,Summer
Or2Cr2109St03,8.386163424,151,Or2,Cr2109,St03,2015,7,2015/7,Summer
Or2Cr2109St03,8.752090725,201,Or2,Cr2109,St03,2015,7,2015/7,Summer
Or2Cr2109St03,8.924375863,251,Or2,Cr2109,St03,2015,7,2015/7,Summer
Or2Cr2109St03,8.99129701,301,Or2,Cr2109,St03,2015,7,2015/7,Summer
Or2Cr2109St03,9,331,Or2,Cr2109,St03,2015,7,2015/7,Summer
Or2Cr2109St05,1,1,Or2,Cr2109,St05,2015,7,2015/7,Summer
Or2Cr2109St05,5.825707403,51,Or2,Cr2109,St05,2015,7,2015/7,Summer
Or2Cr2109St05,7.224059036,101,Or2,Cr2109,St05,2015,7,2015/7,Summer
Or2Cr2109St05,8.14896382,151,Or2,Cr2109,St05,2015,7,2015/7,Summer
Or2Cr2109St05,8.846397767,201,Or2,Cr2109,St05,2015,7,2015/7,Summer
Or2Cr2109St05,9.387140499,251,Or2,Cr2109,St05,2015,7,2015/7,Summer
Or2Cr2109St05,9.802123544,301,Or2,Cr2109,St05,2015,7,2015/7,Summer
Or2Cr2109St05,10,331,Or2,Cr2109,St05,2015,7,2015/7,Summer
Or2Cr2109St07,1,1,Or2,Cr2109,St07,2015,7,2015/7,Summer
Or2Cr2109St07,3.857154009,51,Or2,Cr2109,St07,2015,7,2015/7,Summer
Or2Cr2109St07,5.244317608,101,Or2,Cr2109,St07,2015,7,2015/7,Summer
Or2Cr2109St07,6.323856351,151,Or2,Cr2109,St07,2015,7,2015/7,Summer
Or2Cr2109St07,7.206830381,201,Or2,Cr2109,St07,2015,7,2015/7,Summer
Or2Cr2109St07,7.960907162,251,Or2,Cr2109,St07,2015,7,2015/7,Summer
Or2Cr2109St07,8.628815095,301,Or2,Cr2109,St07,2015,7,2015/7,Summer
Or2Cr2109St07,9,331,Or2,Cr2109,St07,2015,7,2015/7,Summer
Or2Cr2109St09,1,1,Or2,Cr2109,St09,2015,7,2015/7,Summer
Or2Cr2109St09,9.422763462,51,Or2,Cr2109,St09,2015,7,2015/7,Summer
Or2Cr2109St09,9.872402455,101,Or2,Cr2109,St09,2015,7,2015/7,Summer
Or2Cr2109St09,9.97405139,151,Or2,Cr2109,St09,2015,7,2015/7,Summer
Or2Cr2109St09,9.996556697,201,Or2,Cr2109,St09,2015,7,2015/7,Summer
Or2Cr2109St09,9.999827718,251,Or2,Cr2109,St09,2015,7,2015/7,Summer
Or2Cr2109St09,9.99999966,301,Or2,Cr2109,St09,2015,7,2015/7,Summer
Or2Cr2109St09,10,331,Or2,Cr2109,St09,2015,7,2015/7,Summer
Or2Cr2109St11,1,1,Or2,Cr2109,St11,2015,7,2015/7,Summer
Or2Cr2109St11,9.83442702,51,Or2,Cr2109,St11,2015,7,2015/7,Summer
Or2Cr2109St11,11.68877338,101,Or2,Cr2109,St11,2015,7,2015/7,Summer
Or2Cr2109St11,12.31348212,151,Or2,Cr2109,St11,2015,7,2015/7,Summer
Or2Cr2109St11,12.58401126,201,Or2,Cr2109,St11,2015,7,2015/7,Summer
Or2Cr2109St11,12.75658906,251,Or2,Cr2109,St11,2015,7,2015/7,Summer
Or2Cr2109St11,12.90935632,301,Or2,Cr2109,St11,2015,7,2015/7,Summer
Or2Cr2109St11,13,331,Or2,Cr2109,St11,2015,7,2015/7,Summer
Or2Cr2164St01,1,1,Or2,Cr2164,St01,2016,5,2016/5,Spring
Or2Cr2164St01,17.58449642,51,Or2,Cr2164,St01,2016,5,2016/5,Spring
Or2Cr2164St01,21.17089023,101,Or2,Cr2164,St01,2016,5,2016/5,Spring
Or2Cr2164St01,22.91220509,151,Or2,Cr2164,St01,2016,5,2016/5,Spring
Or2Cr2164St01,24.04581977,201,Or2,Cr2164,St01,2016,5,2016/5,Spring
Or2Cr2164St01,24.90759122,251,Or2,Cr2164,St01,2016,5,2016/5,Spring
Or2Cr2164St01,25.62136476,301,Or2,Cr2164,St01,2016,5,2016/5,Spring
Or2Cr2164St01,26,331,Or2,Cr2164,St01,2016,5,2016/5,Spring
Or2Cr2164St03,1,1,Or2,Cr2164,St03,2016,5,2016/5,Spring
Or2Cr2164St03,9.311542586,51,Or2,Cr2164,St03,2016,5,2016/5,Spring
Or2Cr2164St03,11.32664832,101,Or2,Cr2164,St03,2016,5,2016/5,Spring
Or2Cr2164St03,12.37080956,151,Or2,Cr2164,St03,2016,5,2016/5,Spring
Or2Cr2164St03,13.02499419,201,Or2,Cr2164,St03,2016,5,2016/5,Spring
Or2Cr2164St03,13.47467575,251,Or2,Cr2164,St03,2016,5,2016/5,Spring
Or2Cr2164St03,13.81669308,301,Or2,Cr2164,St03,2016,5,2016/5,Spring
Or2Cr2164St03,14,331,Or2,Cr2164,St03,2016,5,2016/5,Spring
Or2Cr2164St05,1,1,Or2,Cr2164,St05,2016,5,2016/5,Spring
Or2Cr2164St05,13.68165963,51,Or2,Cr2164,St05,2016,5,2016/5,Spring
Or2Cr2164St05,19.88125243,101,Or2,Cr2164,St05,2016,5,2016/5,Spring
Or2Cr2164St05,23.6980988,151,Or2,Cr2164,St05,2016,5,2016/5,Spring
Or2Cr2164St05,26.21801636,201,Or2,Cr2164,St05,2016,5,2016/5,Spring
Or2Cr2164St05,27.99332886,251,Or2,Cr2164,St05,2016,5,2016/5,Spring
Or2Cr2164St05,29.33007744,301,Or2,Cr2164,St05,2016,5,2016/5,Spring
Or2Cr2164St05,30,331,Or2,Cr2164,St05,2016,5,2016/5,Spring
Or2Cr2164St07,1,1,Or2,Cr2164,St07,2016,5,2016/5,Spring
Or2Cr2164St07,21.51157229,51,Or2,Cr2164,St07,2016,5,2016/5,Spring
Or2Cr2164St07,28.46271741,101,Or2,Cr2164,St07,2016,5,2016/5,Spring
Or2Cr2164St07,32.53140999,151,Or2,Cr2164,St07,2016,5,2016/5,Spring
Or2Cr2164St07,35.35156301,201,Or2,Cr2164,St07,2016,5,2016/5,Spring
Or2Cr2164St07,37.46702276,251,Or2,Cr2164,St07,2016,5,2016/5,Spring
Or2Cr2164St07,39.14152981,301,Or2,Cr2164,St07,2016,5,2016/5,Spring
Or2Cr2164St07,40,331,Or2,Cr2164,St07,2016,5,2016/5,Spring
Or2Cr2164St09,1,1,Or2,Cr2164,St09,2016,5,2016/5,Spring
Or2Cr2164St09,22.96522416,51,Or2,Cr2164,St09,2016,5,2016/5,Spring
Or2Cr2164St09,29.87878086,101,Or2,Cr2164,St09,2016,5,2016/5,Spring
Or2Cr2164St09,33.2039729,151,Or2,Cr2164,St09,2016,5,2016/5,Spring
Or2Cr2164St09,35.03931711,201,Or2,Cr2164,St09,2016,5,2016/5,Spring
Or2Cr2164St09,36.12624829,251,Or2,Cr2164,St09,2016,5,2016/5,Spring
Or2Cr2164St09,36.76934872,301,Or2,Cr2164,St09,2016,5,2016/5,Spring
Or2Cr2164St09,37,331,Or2,Cr2164,St09,2016,5,2016/5,Spring
Or2Cr2164St11,1,1,Or2,Cr2164,St11,2016,5,2016/5,Spring
Or2Cr2164St11,11.70438046,51,Or2,Cr2164,St11,2016,5,2016/5,Spring
Or2Cr2164St11,14.39678253,101,Or2,Cr2164,St11,2016,5,2016/5,Spring
Or2Cr2164St11,15.61313624,151,Or2,Cr2164,St11,2016,5,2016/5,Spring
Or2Cr2164St11,16.25041782,201,Or2,Cr2164,St11,2016,5,2016/5,Spring
Or2Cr2164St11,16.63747751,251,Or2,Cr2164,St11,2016,5,2016/5,Spring
Or2Cr2164St11,16.89337049,301,Or2,Cr2164,St11,2016,5,2016/5,Spring
Or2Cr2164St11,17,331,Or2,Cr2164,St11,2016,5,2016/5,Spring
Or2Cr2183St01,1,1,Or2,Cr2183,St01,2016,8,2016/8,Summer
Or2Cr2183St01,21.70788773,51,Or2,Cr2183,St01,2016,8,2016/8,Summer
Or2Cr2183St01,29.68283595,101,Or2,Cr2183,St01,2016,8,2016/8,Summer
Or2Cr2183St01,34.04532331,151,Or2,Cr2183,St01,2016,8,2016/8,Summer
Or2Cr2183St01,36.55987911,201,Or2,Cr2183,St01,2016,8,2016/8,Summer
Or2Cr2183St01,37.99489207,251,Or2,Cr2183,St01,2016,8,2016/8,Summer
Or2Cr2183St01,38.75789188,301,Or2,Cr2183,St01,2016,8,2016/8,Summer
Or2Cr2183St01,39,331,Or2,Cr2183,St01,2016,8,2016/8,Summer
Or2Cr2183St03,1,1,Or2,Cr2183,St03,2016,8,2016/8,Summer
Or2Cr2183St03,9.50440702,51,Or2,Cr2183,St03,2016,8,2016/8,Summer
Or2Cr2183St03,10.22380412,101,Or2,Cr2183,St03,2016,8,2016/8,Summer
Or2Cr2183St03,10.44924716,151,Or2,Cr2183,St03,2016,8,2016/8,Summer
Or2Cr2183St03,10.60696682,201,Or2,Cr2183,St03,2016,8,2016/8,Summer
Or2Cr2183St03,10.75830566,251,Or2,Cr2183,St03,2016,8,2016/8,Summer
Or2Cr2183St03,10.90936556,301,Or2,Cr2183,St03,2016,8,2016/8,Summer
Or2Cr2183St03,11,331,Or2,Cr2183,St03,2016,8,2016/8,Summer
Or2Cr2183St05,1,1,Or2,Cr2183,St05,2016,8,2016/8,Summer
Or2Cr2183St05,16.48076998,51,Or2,Cr2183,St05,2016,8,2016/8,Summer
Or2Cr2183St05,20.90959098,101,Or2,Cr2183,St05,2016,8,2016/8,Summer
Or2Cr2183St05,22.81958537,151,Or2,Cr2183,St05,2016,8,2016/8,Summer
Or2Cr2183St05,23.78718406,201,Or2,Cr2183,St05,2016,8,2016/8,Summer
Or2Cr2183St05,24.38160619,251,Or2,Cr2183,St05,2016,8,2016/8,Summer
Or2Cr2183St05,24.80205743,301,Or2,Cr2183,St05,2016,8,2016/8,Summer
Or2Cr2183St05,25,331,Or2,Cr2183,St05,2016,8,2016/8,Summer
Or2Cr2183St07,1,1,Or2,Cr2183,St07,2016,8,2016/8,Summer
Or2Cr2183St07,6.962198101,51,Or2,Cr2183,St07,2016,8,2016/8,Summer
Or2Cr2183St07,9.793501233,101,Or2,Cr2183,St07,2016,8,2016/8,Summer
Or2Cr2183St07,11.94030367,151,Or2,Cr2183,St07,2016,8,2016/8,Summer
Or2Cr2183St07,13.71885947,201,Or2,Cr2183,St07,2016,8,2016/8,Summer
Or2Cr2183St07,15.20251919,251,Or2,Cr2183,St07,2016,8,2016/8,Summer
Or2Cr2183St07,16.40840394,301,Or2,Cr2183,St07,2016,8,2016/8,Summer
Or2Cr2183St07,17,331,Or2,Cr2183,St07,2016,8,2016/8,Summer
Or2Cr2183St09,1,1,Or2,Cr2183,St09,2016,8,2016/8,Summer
Or2Cr2183St09,15.47896916,51,Or2,Cr2183,St09,2016,8,2016/8,Summer
Or2Cr2183St09,20.6456977,101,Or2,Cr2183,St09,2016,8,2016/8,Summer
Or2Cr2183St09,23.44419008,151,Or2,Cr2183,St09,2016,8,2016/8,Summer
Or2Cr2183St09,25.07597326,201,Or2,Cr2183,St09,2016,8,2016/8,Summer
Or2Cr2183St09,26.0679249,251,Or2,Cr2183,St09,2016,8,2016/8,Summer
Or2Cr2183St09,26.70797451,301,Or2,Cr2183,St09,2016,8,2016/8,Summer
Or2Cr2183St09,27,331,Or2,Cr2183,St09,2016,8,2016/8,Summer
Or2Cr2183St11,1,1,Or2,Cr2183,St11,2016,8,2016/8,Summer
Or2Cr2183St11,9.489707262,51,Or2,Cr2183,St11,2016,8,2016/8,Summer
Or2Cr2183St11,12.5963376,101,Or2,Cr2183,St11,2016,8,2016/8,Summer
Or2Cr2183St11,14.59480205,151,Or2,Cr2183,St11,2016,8,2016/8,Summer
Or2Cr2183St11,16.00170455,201,Or2,Cr2183,St11,2016,8,2016/8,Summer
Or2Cr2183St11,16.99893941,251,Or2,Cr2183,St11,2016,8,2016/8,Summer
Or2Cr2183St11,17.69414758,301,Or2,Cr2183,St11,2016,8,2016/8,Summer
Or2Cr2183St11,18,331,Or2,Cr2183,St11,2016,8,2016/8,Summer
Or2Cr2192St01,1,1,Or2,Cr2192,St01,2016,9,2016/9,Autumn
Or2Cr2192St01,9.568316261,51,Or2,Cr2192,St01,2016,9,2016/9,Autumn
Or2Cr2192St01,12.27093785,101,Or2,Cr2192,St01,2016,9,2016/9,Autumn
Or2Cr2192St01,13.25374118,151,Or2,Cr2192,St01,2016,9,2016/9,Autumn
Or2Cr2192St01,13.67169721,201,Or2,Cr2192,St01,2016,9,2016/9,Autumn
Or2Cr2192St01,13.88302874,251,Or2,Cr2192,St01,2016,9,2016/9,Autumn
Or2Cr2192St01,13.98406509,301,Or2,Cr2192,St01,2016,9,2016/9,Autumn
Or2Cr2192St01,14,331,Or2,Cr2192,St01,2016,9,2016/9,Autumn
Or2Cr2192St03,1,1,Or2,Cr2192,St03,2016,9,2016/9,Autumn
Or2Cr2192St03,10.39463714,51,Or2,Cr2192,St03,2016,9,2016/9,Autumn
Or2Cr2192St03,12.93521919,101,Or2,Cr2192,St03,2016,9,2016/9,Autumn
Or2Cr2192St03,13.98824283,151,Or2,Cr2192,St03,2016,9,2016/9,Autumn
Or2Cr2192St03,14.47850918,201,Or2,Cr2192,St03,2016,9,2016/9,Autumn
Or2Cr2192St03,14.73643989,251,Or2,Cr2192,St03,2016,9,2016/9,Autumn
Or2Cr2192St03,14.90856686,301,Or2,Cr2192,St03,2016,9,2016/9,Autumn
Or2Cr2192St03,15,331,Or2,Cr2192,St03,2016,9,2016/9,Autumn
Or2Cr2192St05,1,1,Or2,Cr2192,St05,2016,9,2016/9,Autumn
Or2Cr2192St05,11.46300622,51,Or2,Cr2192,St05,2016,9,2016/9,Autumn
Or2Cr2192St05,13.66168533,101,Or2,Cr2192,St05,2016,9,2016/9,Autumn
Or2Cr2192St05,14.90922744,151,Or2,Cr2192,St05,2016,9,2016/9,Autumn
Or2Cr2192St05,15.76447507,201,Or2,Cr2192,St05,2016,9,2016/9,Autumn
Or2Cr2192St05,16.37023806,251,Or2,Cr2192,St05,2016,9,2016/9,Autumn
Or2Cr2192St05,16.80138991,301,Or2,Cr2192,St05,2016,9,2016/9,Autumn
Or2Cr2192St05,17,331,Or2,Cr2192,St05,2016,9,2016/9,Autumn
Or2Cr2192St07,1,1,Or2,Cr2192,St07,2016,9,2016/9,Autumn
Or2Cr2192St07,13.65589766,51,Or2,Cr2192,St07,2016,9,2016/9,Autumn
Or2Cr2192St07,17.18027251,101,Or2,Cr2192,St07,2016,9,2016/9,Autumn
Or2Cr2192St07,18.87121877,151,Or2,Cr2192,St07,2016,9,2016/9,Autumn
Or2Cr2192St07,19.87657913,201,Or2,Cr2192,St07,2016,9,2016/9,Autumn
Or2Cr2192St07,20.50593602,251,Or2,Cr2192,St07,2016,9,2016/9,Autumn
Or2Cr2192St07,20.87671228,301,Or2,Cr2192,St07,2016,9,2016/9,Autumn
Or2Cr2192St07,21,331,Or2,Cr2192,St07,2016,9,2016/9,Autumn
Or2Cr2192St09,1,1,Or2,Cr2192,St09,2016,9,2016/9,Autumn
Or2Cr2192St09,19.91864399,51,Or2,Cr2192,St09,2016,9,2016/9,Autumn
Or2Cr2192St09,27.49105208,101,Or2,Cr2192,St09,2016,9,2016/9,Autumn
Or2Cr2192St09,31.92186634,151,Or2,Cr2192,St09,2016,9,2016/9,Autumn
Or2Cr2192St09,34.63076132,201,Or2,Cr2192,St09,2016,9,2016/9,Autumn
Or2Cr2192St09,36.35294655,251,Or2,Cr2192,St09,2016,9,2016/9,Autumn
Or2Cr2192St09,37.49529586,301,Or2,Cr2192,St09,2016,9,2016/9,Autumn
Or2Cr2192St09,38,331,Or2,Cr2192,St09,2016,9,2016/9,Autumn
Or2Cr2192St11,1,1,Or2,Cr2192,St11,2016,9,2016/9,Autumn
Or2Cr2192St11,16.45341481,51,Or2,Cr2192,St11,2016,9,2016/9,Autumn
Or2Cr2192St11,21.9025439,101,Or2,Cr2192,St11,2016,9,2016/9,Autumn
Or2Cr2192St11,24.82933623,151,Or2,Cr2192,St11,2016,9,2016/9,Autumn
Or2Cr2192St11,26.64427506,201,Or2,Cr2192,St11,2016,9,2016/9,Autumn
Or2Cr2192St11,27.85801256,251,Or2,Cr2192,St11,2016,9,2016/9,Autumn
Or2Cr2192St11,28.6721651,301,Or2,Cr2192,St11,2016,9,2016/9,Autumn
Or2Cr2192St11,29,331,Or2,Cr2192,St11,2016,9,2016/9,Autumn
Or2Cr2241St01,1,1,Or2,Cr2241,St01,2017,5,2017/5,Spring
Or2Cr2241St01,9.992413395,51,Or2,Cr2241,St01,2017,5,2017/5,Spring
Or2Cr2241St01,13.25644378,101,Or2,Cr2241,St01,2017,5,2017/5,Spring
Or2Cr2241St01,15.52782955,151,Or2,Cr2241,St01,2017,5,2017/5,Spring
Or2Cr2241St01,17.20322482,201,Or2,Cr2241,St01,2017,5,2017/5,Spring
Or2Cr2241St01,18.49426637,251,Or2,Cr2241,St01,2017,5,2017/5,Spring
Or2Cr2241St01,19.50688307,301,Or2,Cr2241,St01,2017,5,2017/5,Spring
Or2Cr2241St01,20,331,Or2,Cr2241,St01,2017,5,2017/5,Spring
Or2Cr2241St03,1,1,Or2,Cr2241,St03,2017,5,2017/5,Spring
Or2Cr2241St03,13.31915793,51,Or2,Cr2241,St03,2017,5,2017/5,Spring
Or2Cr2241St03,18.01065901,101,Or2,Cr2241,St03,2017,5,2017/5,Spring
Or2Cr2241St03,20.92147139,151,Or2,Cr2241,St03,2017,5,2017/5,Spring
Or2Cr2241St03,22.82879745,201,Or2,Cr2241,St03,2017,5,2017/5,Spring
Or2Cr2241St03,24.04698988,251,Or2,Cr2241,St03,2017,5,2017/5,Spring
Or2Cr2241St03,24.76009832,301,Or2,Cr2241,St03,2017,5,2017/5,Spring
Or2Cr2241St03,25,331,Or2,Cr2241,St03,2017,5,2017/5,Spring
Or2Cr2241St05,1,1,Or2,Cr2241,St05,2017,5,2017/5,Spring
Or2Cr2241St05,22.82117947,51,Or2,Cr2241,St05,2017,5,2017/5,Spring
Or2Cr2241St05,32.82189741,101,Or2,Cr2241,St05,2017,5,2017/5,Spring
Or2Cr2241St05,38.98530504,151,Or2,Cr2241,St05,2017,5,2017/5,Spring
Or2Cr2241St05,43.19241229,201,Or2,Cr2241,St05,2017,5,2017/5,Spring
Or2Cr2241St05,46.30605519,251,Or2,Cr2241,St05,2017,5,2017/5,Spring
Or2Cr2241St05,48.75434193,301,Or2,Cr2241,St05,2017,5,2017/5,Spring
Or2Cr2241St05,50,331,Or2,Cr2241,St05,2017,5,2017/5,Spring
Or2Cr2241St07,1,1,Or2,Cr2241,St07,2017,5,2017/5,Spring
Or2Cr2241St07,17.33640459,51,Or2,Cr2241,St07,2017,5,2017/5,Spring
Or2Cr2241St07,23.67008065,101,Or2,Cr2241,St07,2017,5,2017/5,Spring
Or2Cr2241St07,27.24367273,151,Or2,Cr2241,St07,2017,5,2017/5,Spring
Or2Cr2241St07,29.69672432,201,Or2,Cr2241,St07,2017,5,2017/5,Spring
Or2Cr2241St07,31.58852754,251,Or2,Cr2241,St07,2017,5,2017/5,Spring
Or2Cr2241St07,33.15756695,301,Or2,Cr2241,St07,2017,5,2017/5,Spring
Or2Cr2241St07,34,331,Or2,Cr2241,St07,2017,5,2017/5,Spring
Or2Cr2241St09,1,1,Or2,Cr2241,St09,2017,5,2017/5,Spring
Or2Cr2241St09,16.68796021,51,Or2,Cr2241,St09,2017,5,2017/5,Spring
Or2Cr2241St09,22.69684817,101,Or2,Cr2241,St09,2017,5,2017/5,Spring
Or2Cr2241St09,26.18682183,151,Or2,Cr2241,St09,2017,5,2017/5,Spring
Or2Cr2241St09,28.50151993,201,Or2,Cr2241,St09,2017,5,2017/5,Spring
Or2Cr2241St09,30.16340577,251,Or2,Cr2241,St09,2017,5,2017/5,Spring
Or2Cr2241St09,31.40687093,301,Or2,Cr2241,St09,2017,5,2017/5,Spring
Or2Cr2241St09,32,331,Or2,Cr2241,St09,2017,5,2017/5,Spring
Or2Cr2241St11,1,1,Or2,Cr2241,St11,2017,5,2017/5,Spring
Or2Cr2241St11,21.16649453,51,Or2,Cr2241,St11,2017,5,2017/5,Spring
Or2Cr2241St11,32.48857889,101,Or2,Cr2241,St11,2017,5,2017/5,Spring
Or2Cr2241St11,40.3346818,151,Or2,Cr2241,St11,2017,5,2017/5,Spring
Or2Cr2241St11,46.25408368,201,Or2,Cr2241,St11,2017,5,2017/5,Spring
Or2Cr2241St11,50.98572295,251,Or2,Cr2241,St11,2017,5,2017/5,Spring
Or2Cr2241St11,54.92088373,301,Or2,Cr2241,St11,2017,5,2017/5,Spring
Or2Cr2241St11,57,331,Or2,Cr2241,St11,2017,5,2017/5,Spring
Or2Cr2243St01,1,1,Or2,Cr2243,St01,2017,6,2017/6/7,Summer
Or2Cr2243St01,20.70953731,51,Or2,Cr2243,St01,2017,6,2017/6/7,Summer
Or2Cr2243St01,26.83431698,101,Or2,Cr2243,St01,2017,6,2017/6/7,Summer
Or2Cr2243St01,30.16917418,151,Or2,Cr2243,St01,2017,6,2017/6/7,Summer
Or2Cr2243St01,32.3824858,201,Or2,Cr2243,St01,2017,6,2017/6/7,Summer
Or2Cr2243St01,34.02718423,251,Or2,Cr2243,St01,2017,6,2017/6/7,Summer
Or2Cr2243St01,35.33154475,301,Or2,Cr2243,St01,2017,6,2017/6/7,Summer
Or2Cr2243St01,36,331,Or2,Cr2243,St01,2017,6,2017/6/7,Summer
Or2Cr2243St03,1,1,Or2,Cr2243,St03,2017,6,2017/6/7,Summer
Or2Cr2243St03,16.65797958,51,Or2,Cr2243,St03,2017,6,2017/6/7,Summer
Or2Cr2243St03,22.39180432,101,Or2,Cr2243,St03,2017,6,2017/6/7,Summer
Or2Cr2243St03,25.68569645,151,Or2,Cr2243,St03,2017,6,2017/6/7,Summer
Or2Cr2243St03,27.81491005,201,Or2,Cr2243,St03,2017,6,2017/6/7,Summer
Or2Cr2243St03,29.30442359,251,Or2,Cr2243,St03,2017,6,2017/6/7,Summer
Or2Cr2243St03,30.42930387,301,Or2,Cr2243,St03,2017,6,2017/6/7,Summer
Or2Cr2243St03,31,331,Or2,Cr2243,St03,2017,6,2017/6/7,Summer
Or2Cr2243St05,1,1,Or2,Cr2243,St05,2017,6,2017/6/7,Summer
Or2Cr2243St05,16.26948656,51,Or2,Cr2243,St05,2017,6,2017/6/7,Summer
Or2Cr2243St05,21.40477111,101,Or2,Cr2243,St05,2017,6,2017/6/7,Summer
Or2Cr2243St05,24.27836462,151,Or2,Cr2243,St05,2017,6,2017/6/7,Summer
Or2Cr2243St05,25.9838313,201,Or2,Cr2243,St05,2017,6,2017/6/7,Summer
Or2Cr2243St05,27.02866428,251,Or2,Cr2243,St05,2017,6,2017/6/7,Summer
Or2Cr2243St05,27.70120247,301,Or2,Cr2243,St05,2017,6,2017/6/7,Summer
Or2Cr2243St05,28,331,Or2,Cr2243,St05,2017,6,2017/6/7,Summer
Or2Cr2243St07,1,1,Or2,Cr2243,St07,2017,6,2017/6/7,Summer
Or2Cr2243St07,8.558526464,51,Or2,Cr2243,St07,2017,6,2017/6/7,Summer
Or2Cr2243St07,10.00313484,101,Or2,Cr2243,St07,2017,6,2017/6/7,Summer
Or2Cr2243St07,10.76469279,151,Or2,Cr2243,St07,2017,6,2017/6/7,Summer
Or2Cr2243St07,11.27568992,201,Or2,Cr2243,St07,2017,6,2017/6/7,Summer
Or2Cr2243St07,11.63932913,251,Or2,Cr2243,St07,2017,6,2017/6/7,Summer
Or2Cr2243St07,11.89338004,301,Or2,Cr2243,St07,2017,6,2017/6/7,Summer
Or2Cr2243St07,12,331,Or2,Cr2243,St07,2017,6,2017/6/7,Summer
Or2Cr2243St09,1,1,Or2,Cr2243,St09,2017,6,2017/6/7,Summer
Or2Cr2243St09,16.75509396,51,Or2,Cr2243,St09,2017,6,2017/6/7,Summer
Or2Cr2243St09,21.88974483,101,Or2,Cr2243,St09,2017,6,2017/6/7,Summer
Or2Cr2243St09,25.06849006,151,Or2,Cr2243,St09,2017,6,2017/6/7,Summer
Or2Cr2243St09,27.32302825,201,Or2,Cr2243,St09,2017,6,2017/6/7,Summer
Or2Cr2243St09,29.01196753,251,Or2,Cr2243,St09,2017,6,2017/6/7,Summer
Or2Cr2243St09,30.33082033,301,Or2,Cr2243,St09,2017,6,2017/6/7,Summer
Or2Cr2243St09,31,331,Or2,Cr2243,St09,2017,6,2017/6/7,Summer
Or2Cr2243St11,1,1,Or2,Cr2243,St11,2017,6,2017/6/7,Summer
Or2Cr2243St11,9.065243256,51,Or2,Cr2243,St11,2017,6,2017/6/7,Summer
Or2Cr2243St11,9.973878912,101,Or2,Cr2243,St11,2017,6,2017/6/7,Summer
Or2Cr2243St11,10.36313824,151,Or2,Cr2243,St11,2017,6,2017/6/7,Summer
Or2Cr2243St11,10.58942365,201,Or2,Cr2243,St11,2017,6,2017/6/7,Summer
Or2Cr2243St11,10.75681127,251,Or2,Cr2243,St11,2017,6,2017/6/7,Summer
Or2Cr2243St11,10.90935669,301,Or2,Cr2243,St11,2017,6,2017/6/7,Summer
Or2Cr2243St11,11,331,Or2,Cr2243,St11,2017,6,2017/6/7,Summer
Or2Cr2245St01,1,1,Or2,Cr2245,St01,2017,6/18,2017/6/18,Summer
Or2Cr2245St01,10.41248716,51,Or2,Cr2245,St01,2017,6/18,2017/6/18,Summer
Or2Cr2245St01,12.35850584,101,Or2,Cr2245,St01,2017,6/18,2017/6/18,Summer
Or2Cr2245St01,13.55814629,151,Or2,Cr2245,St01,2017,6/18,2017/6/18,Summer
Or2Cr2245St01,14.44471905,201,Or2,Cr2245,St01,2017,6/18,2017/6/18,Summer
Or2Cr2245St01,15.14470014,251,Or2,Cr2245,St01,2017,6/18,2017/6/18,Summer
Or2Cr2245St01,15.71148467,301,Or2,Cr2245,St01,2017,6/18,2017/6/18,Summer
Or2Cr2245St01,16,331,Or2,Cr2245,St01,2017,6/18,2017/6/18,Summer
Or2Cr2245St03,1,1,Or2,Cr2245,St03,2017,6/18,2017/6/18,Summer
Or2Cr2245St03,21.17281681,51,Or2,Cr2245,St03,2017,6/18,2017/6/18,Summer
Or2Cr2245St03,29.11806908,101,Or2,Cr2245,St03,2017,6/18,2017/6/18,Summer
Or2Cr2245St03,33.46573334,151,Or2,Cr2245,St03,2017,6/18,2017/6/18,Summer
Or2Cr2245St03,36.16210347,201,Or2,Cr2245,St03,2017,6/18,2017/6/18,Summer
Or2Cr2245St03,37.98612889,251,Or2,Cr2245,St03,2017,6/18,2017/6/18,Summer
Or2Cr2245St03,39.3299614,301,Or2,Cr2245,St03,2017,6/18,2017/6/18,Summer
Or2Cr2245St03,40,331,Or2,Cr2245,St03,2017,6/18,2017/6/18,Summer
Or2Cr2245St05,1,1,Or2,Cr2245,St05,2017,6/18,2017/6/18,Summer
Or2Cr2245St05,25.73582613,51,Or2,Cr2245,St05,2017,6/18,2017/6/18,Summer
Or2Cr2245St05,36.2082679,101,Or2,Cr2245,St05,2017,6/18,2017/6/18,Summer
Or2Cr2245St05,42.81245067,151,Or2,Cr2245,St05,2017,6/18,2017/6/18,Summer
Or2Cr2245St05,47.36025098,201,Or2,Cr2245,St05,2017,6/18,2017/6/18,Summer
Or2Cr2245St05,50.58089352,251,Or2,Cr2245,St05,2017,6/18,2017/6/18,Summer
Or2Cr2245St05,52.91020313,301,Or2,Cr2245,St05,2017,6/18,2017/6/18,Summer
Or2Cr2245St05,54,331,Or2,Cr2245,St05,2017,6/18,2017/6/18,Summer
Or2Cr2245St07,1,1,Or2,Cr2245,St07,2017,6/18,2017/6/18,Summer
Or2Cr2245St07,18.38115277,51,Or2,Cr2245,St07,2017,6/18,2017/6/18,Summer
Or2Cr2245St07,23.70461577,101,Or2,Cr2245,St07,2017,6/18,2017/6/18,Summer
Or2Cr2245St07,26.69011908,151,Or2,Cr2245,St07,2017,6/18,2017/6/18,Summer
Or2Cr2245St07,28.73891896,201,Or2,Cr2245,St07,2017,6/18,2017/6/18,Summer
Or2Cr2245St07,30.2568986,251,Or2,Cr2245,St07,2017,6/18,2017/6/18,Summer
Or2Cr2245St07,31.42151059,301,Or2,Cr2245,St07,2017,6/18,2017/6/18,Summer
Or2Cr2245St07,32,331,Or2,Cr2245,St07,2017,6/18,2017/6/18,Summer
Or2Cr2245St09,1,1,Or2,Cr2245,St09,2017,6/18,2017/6/18,Summer
Or2Cr2245St09,9.583310467,51,Or2,Cr2245,St09,2017,6/18,2017/6/18,Summer
Or2Cr2245St09,12.37443804,101,Or2,Cr2245,St09,2017,6/18,2017/6/18,Summer
Or2Cr2245St09,13.63717485,151,Or2,Cr2245,St09,2017,6/18,2017/6/18,Summer
Or2Cr2245St09,14.29353999,201,Or2,Cr2245,St09,2017,6/18,2017/6/18,Summer
Or2Cr2245St09,14.66865242,251,Or2,Cr2245,St09,2017,6/18,2017/6/18,Summer
Or2Cr2245St09,14.89998405,301,Or2,Cr2245,St09,2017,6/18,2017/6/18,Summer
Or2Cr2245St09,15,331,Or2,Cr2245,St09,2017,6/18,2017/6/18,Summer
Or2Cr2245St11,1,1,Or2,Cr2245,St11,2017,6/18,2017/6/18,Summer
Or2Cr2245St11,6.943988129,51,Or2,Cr2245,St11,2017,6/18,2017/6/18,Summer
Or2Cr2245St11,10.3258695,101,Or2,Cr2245,St11,2017,6/18,2017/6/18,Summer
Or2Cr2245St11,12.6860287,151,Or2,Cr2245,St11,2017,6/18,2017/6/18,Summer
Or2Cr2245St11,14.35477953,201,Or2,Cr2245,St11,2017,6/18,2017/6/18,Summer
Or2Cr2245St11,15.5768977,251,Or2,Cr2245,St11,2017,6/18,2017/6/18,Summer
Or2Cr2245St11,16.52134991,301,Or2,Cr2245,St11,2017,6/18,2017/6/18,Summer
Or2Cr2245St11,17,331,Or2,Cr2245,St11,2017,6/18,2017/6/18,Summer
Or2Cr2248St01,1,1,Or2,Cr2248,St01,2017,7,2017/7,Summer
Or2Cr2248St01,8.608018524,51,Or2,Cr2248,St01,2017,7,2017/7,Summer
Or2Cr2248St01,10.61062875,101,Or2,Cr2248,St01,2017,7,2017/7,Summer
Or2Cr2248St01,11.8301998,151,Or2,Cr2248,St01,2017,7,2017/7,Summer
Or2Cr2248St01,12.64711151,201,Or2,Cr2248,St01,2017,7,2017/7,Summer
Or2Cr2248St01,13.24030057,251,Or2,Cr2248,St01,2017,7,2017/7,Summer
Or2Cr2248St01,13.72662492,301,Or2,Cr2248,St01,2017,7,2017/7,Summer
Or2Cr2248St01,14,331,Or2,Cr2248,St01,2017,7,2017/7,Summer
Or2Cr2248St03,1,1,Or2,Cr2248,St03,2017,7,2017/7,Summer
Or2Cr2248St03,28.68060831,51,Or2,Cr2248,St03,2017,7,2017/7,Summer
Or2Cr2248St03,40.87639789,101,Or2,Cr2248,St03,2017,7,2017/7,Summer
Or2Cr2248St03,47.68647141,151,Or2,Cr2248,St03,2017,7,2017/7,Summer
Or2Cr2248St03,51.98652341,201,Or2,Cr2248,St03,2017,7,2017/7,Summer
Or2Cr2248St03,54.91950765,251,Or2,Cr2248,St03,2017,7,2017/7,Summer
Or2Cr2248St03,57.01557716,301,Or2,Cr2248,St03,2017,7,2017/7,Summer
Or2Cr2248St03,58,331,Or2,Cr2248,St03,2017,7,2017/7,Summer
Or2Cr2248St05,1,1,Or2,Cr2248,St05,2017,7,2017/7,Summer
Or2Cr2248St05,17.60486254,51,Or2,Cr2248,St05,2017,7,2017/7,Summer
Or2Cr2248St05,25.06631922,101,Or2,Cr2248,St05,2017,7,2017/7,Summer
Or2Cr2248St05,30.25761893,151,Or2,Cr2248,St05,2017,7,2017/7,Summer
Or2Cr2248St05,34.06851831,201,Or2,Cr2248,St05,2017,7,2017/7,Summer
Or2Cr2248St05,36.90298722,251,Or2,Cr2248,St05,2017,7,2017/7,Summer
Or2Cr2248St05,39.00919302,301,Or2,Cr2248,St05,2017,7,2017/7,Summer
Or2Cr2248St05,40,331,Or2,Cr2248,St05,2017,7,2017/7,Summer
Or2Cr2248St07,1,1,Or2,Cr2248,St07,2017,7,2017/7,Summer
Or2Cr2248St07,21.3304865,51,Or2,Cr2248,St07,2017,7,2017/7,Summer
Or2Cr2248St07,29.60043524,101,Or2,Cr2248,St07,2017,7,2017/7,Summer
Or2Cr2248St07,34.91629764,151,Or2,Cr2248,St07,2017,7,2017/7,Summer
Or2Cr2248St07,38.74891207,201,Or2,Cr2248,St07,2017,7,2017/7,Summer
Or2Cr2248St07,41.66255612,251,Or2,Cr2248,St07,2017,7,2017/7,Summer
Or2Cr2248St07,43.91381902,301,Or2,Cr2248,St07,2017,7,2017/7,Summer
Or2Cr2248St07,45,331,Or2,Cr2248,St07,2017,7,2017/7,Summer
Or2Cr2248St09,1,1,Or2,Cr2248,St09,2017,7,2017/7,Summer
Or2Cr2248St09,11.07625756,51,Or2,Cr2248,St09,2017,7,2017/7,Summer
Or2Cr2248St09,13.37647853,101,Or2,Cr2248,St09,2017,7,2017/7,Summer
Or2Cr2248St09,14.37913998,151,Or2,Cr2248,St09,2017,7,2017/7,Summer
Or2Cr2248St09,14.99001221,201,Or2,Cr2248,St09,2017,7,2017/7,Summer
Or2Cr2248St09,15.444238,251,Or2,Cr2248,St09,2017,7,2017/7,Summer
Or2Cr2248St09,15.81008395,301,Or2,Cr2248,St09,2017,7,2017/7,Summer
Or2Cr2248St09,16,331,Or2,Cr2248,St09,2017,7,2017/7,Summer
Or2Cr2248St11,1,1,Or2,Cr2248,St11,2017,7,2017/7,Summer
Or2Cr2248St11,19.78466629,51,Or2,Cr2248,St11,2017,7,2017/7,Summer
Or2Cr2248St11,25.48423605,101,Or2,Cr2248,St11,2017,7,2017/7,Summer
Or2Cr2248St11,28.80564198,151,Or2,Cr2248,St11,2017,7,2017/7,Summer
Or2Cr2248St11,31.14589588,201,Or2,Cr2248,St11,2017,7,2017/7,Summer
Or2Cr2248St11,32.92597935,251,Or2,Cr2248,St11,2017,7,2017/7,Summer
Or2Cr2248St11,34.31629738,301,Or2,Cr2248,St11,2017,7,2017/7,Summer
Or2Cr2248St11,35,331,Or2,Cr2248,St11,2017,7,2017/7,Summer
