"q0coef","q1coef","q2coef"
0.210248931253638,0.329115422927936,0.29614443866353
-0.0416406480693827,-0.127711636829792,-0.128575189460152
0.0329935964205803,0.0405246241084936,0.0427132041134722
-0.159194773974675,-0.178043246536629,-0.144459318390419
0.0387136551589185,-0.0136104084876706,-0.0764929984092936
0.14810781631669,0.132827314419256,0.113121164912032
-0.0217439872008539,-0.206374373498704,-0.198900222100437
-0.0637494146259067,0.00261696480600195,-0.0285249482082011
0.113114903570922,0.0773987376601169,0.13906306043986
0.0623334686246183,-0.0696858278219329,-0.114281159769796
0.0259548599607329,-0.140589074995051,-0.163691633820124
0.0581158560758688,0.310309750911795,0.30461554666976
-0.0108676544082328,0.0047141571446316,0.0294281875336977
-0.196519048337434,0.00800928824961608,0.0403050112459945
-0.107338881131929,-0.0229783833588922,0.000260593992095245
0.026044768131434,0.0367152726074877,-0.00536355743531568
-0.0827401889459008,-0.168480551402551,-0.171431947485675
-0.0288799171943053,-0.0648273344479273,-0.052581050834935
-0.102844374575998,0.0865293789292456,0.110901530006653
0.0223018640129467,0.0257772907875601,0.0240492028844084
0.0713652399684628,0.0214808766776864,0.0693773722585258
-0.0939999053623289,-0.0291727718578052,-0.0581547530645617
-0.091223515815226,-0.155732570491008,-0.118863956531562
0.0532989627376282,0.0809057711140422,0.0830014538588075
0.138822885802466,0.177803787034393,0.107212244227655
0.170403590239571,0.128086091623505,0.099907732578285
0.190723280352772,0.212326714781783,0.194735274686541
-0.0366055020653384,0.0478173945800828,0.093139895398457
0.0541357967321136,0.0615788901028381,0.0242935098115255
0.120512829514908,0.0624414798107478,0.0212349476036251
-0.137292624203547,0.0534686756765736,0.065384970538823
0.0869993784922699,0.062031587795872,0.0753559874590938
0.0018724246361288,-0.109217297976362,-0.0766660034208918
-0.191805892181811,-0.0888360895456159,-0.0723226071338349
0.151077822195358,0.104016126599718,0.067025625416859
-0.086586906399281,0.0293814123059794,0.0630463047137895
0.101055913320862,0.0806830119749204,0.042532236364826
-0.0120344587551175,0.0747689456936566,0.0726297639042541
0.227343520369345,0.229852227495774,0.194140391910654
-0.142194991736776,-0.136547530069253,-0.0655604589516785
0.130121927499046,0.0857879835665992,0.0517089077603842
0.10633879739082,0.0293161939307554,0.0339700573501742
0.000681373566780431,-0.0534178845914605,-0.0890174208915258
0.0340889979091457,-0.0579310301469073,-0.0513908911795568
0.0607615784375694,0.0739848971700297,0.0405856633629047
-0.199611590996799,-0.00124539471607381,0.0712533311632872
0.118006645597677,0.0137367643498373,-0.0308395425423462
0.0988437530346561,0.22610747663204,0.228734912347826
0.151958800719885,0.0748171728313117,0.0365977188038061
-0.0363255885257376,0.100649578900415,0.108947671848797
0.141194957439326,0.0598775823503331,0.0123403542815535
0.147122704608299,0.050786880979695,0.0200196000060668
0.265077883167318,0.0589462681792071,0.0899029612329658
-0.0147783839954274,-0.0215007895464209,-0.0663411632511697
0.0311135253575806,0.0717295683076312,0.00028531086911397
0.144555494184968,-0.0584506604588937,-0.0800152661814321
-0.0112409186852145,0.00481366747942572,0.00211432869792795
-0.0290826410542593,-0.174616053933699,-0.197405278420838
0.00263740473057928,-0.123626755175759,-0.143280091630068
-0.0917363609978122,-0.021734608033257,0.0188654152627385
-0.0918975352139009,0.223459127702574,0.267158993880242
0.0321067628566385,0.141673766548812,0.0784776890095021
-0.132196980449142,-0.123806018191749,-0.0915961596043863
0.00658878770607265,0.244896366511467,0.293940152363268
-0.119604063069414,-0.11188287667551,-0.118214082061678
0.147648723404551,0.0859082545256131,0.0230285940984728
0.0742110037708627,0.280151312705996,0.237226653423863
-0.176157587778525,-0.108554454934953,-0.0593088144545158
-0.0456030738523439,-0.0633797340568501,-0.0941579629812522
-0.0220681487448087,-0.0332277032679269,-0.00145762916247568
-0.03750278676905,-0.05613338789929,-0.0361314808604777
-0.198571043958812,-0.104827703769446,-0.0371601578966108
0.0132529607952332,0.0489885223042503,0.0437547986955168
-0.269573799410008,-0.172718077800482,-0.15431921456056
0.0657914201096485,0.00125999184112306,-0.0129110382880402
-0.0930027401836178,0.0314964116841695,0.0597318935413367
-0.0862953851532714,0.090896811365927,0.1528420560064
-0.118519521596667,-0.0970809342322077,-0.0724597640197037
-0.148521037649215,0.0119346750598302,-0.0183181288524778
0.170427432277108,0.102303844640171,0.060728418568535
-0.0764602095408076,0.0695823685195355,0.0723749791653639
0.159924841742686,0.15237414496361,0.184975630122008
0.06205861444978,-0.119824331587949,-0.164198784990217
0.018673271969019,-0.00539295952829927,0.0207420331595408
0.160067227059269,0.0925723082241788,0.053471855497164
0.124157395637472,0.0510006925890395,0.0534544904490908
0.0573961922083172,-0.0265754466114958,-0.0149978905994574
-0.142180944823128,0.0231874596893527,0.0380678332678747
0.00367158295345576,-0.0492964906945503,-0.025020496071041
-0.129819299185619,-0.231122573525236,-0.283744979862826
-0.0584625969515244,0.0293106404997512,0.0529858320661207
0.11140268750646,0.12136365493943,0.107141983060118
0.0266093471406993,-0.0408770134891344,-0.066597798579942
0.132368429324939,-0.00461799888103918,-0.0655443662693125
-0.35221940251611,-0.0509308440315641,0.0287915929374488
0.055233438633445,-0.0309659890702651,-0.0164429902571446
0.0606465892455414,0.130542894941754,0.118429667662998
-0.109669296826995,-0.0714428355329899,-0.0241811339511904
-0.0314059493834753,-0.0583366656762479,-0.0826660777226008
0.00745512018700887,-0.129085857849922,-0.173391416426678
0.0552012396805037,0.137504262556119,0.161981829027036
-0.0667533314267059,-0.0736742234473076,-0.0940605372357759
0.118450288822292,0.115038391905861,0.0749635135259542
-0.103735284135333,-0.0545098221720269,-0.0249805867874526
0.0627049651574822,0.11765703289895,0.104581112839661
0.164482866774573,0.201573896341783,0.162521915916972
0.193837132425483,0.023688421894951,-0.0381783534985696
0.0450836539261155,0.167984969754679,0.155496948002189
0.0660529202220251,0.236436233319557,0.141929119396524
-0.153561993435881,-0.194838112849483,-0.160486328774626
0.00108641453709945,0.0295837985178869,0.0560618720790576
0.229262209213016,0.0899535434537671,0.0575607798372124
0.102955783865545,0.20892933087089,0.176898203177558
0.0270130532087333,0.0944880982444889,0.131574415252417
-0.108864856563909,-0.0545331200862703,-0.0402526134221079
0.0191907392447893,0.0268681647819218,-0.0121903182768438
-0.127718714283611,0.17122366915788,0.152338736987264
-0.179323096473183,-0.158890297431339,-0.111842525665232
0.0461749126533733,0.0297667306496246,0.00988446350275466
0.0450730024770633,0.030138944916648,0.0701098299576162
-0.0543135681823692,0.116669485279466,0.126218095641648
0.00336663902953288,0.0651759077094651,0.0788568553039691
-0.0856555099372473,-0.0849638966524254,-0.0735495740736128
0.0686219868022678,0.0435017598019982,0.0560445365790981
-0.0873248046674949,-0.0829321894548659,-0.0424603777000829
0.0543545359833277,0.0695138625446552,0.107199420372178
0.0525962011949756,0.143596374092295,0.0642265847771421
-0.0311863097164969,-0.0457671115758618,0.00541168342303214
0.00140316999077969,0.0078182972816528,-0.0245492492902995
-0.0598202474267511,-0.016352675593886,0.0544616695148331
0.00465364317303534,-0.0817242687624914,-0.150858487975425
0.0858607589022477,-0.160386172642295,-0.182038313438886
-0.0750403594119756,-0.0867643753333783,-0.0291708584748521
-0.0225853301477694,0.0748853225052928,0.104673429063092
0.0968343517901204,-0.0328236554398187,-0.0686116843300852
-0.0831394566127906,-0.0819749017818567,-0.0387477672831855
0.0207225298368905,-0.0320959441453979,0.00545178294941651
-0.0540548927237329,6.22250370988139e-05,-0.00270939012976911
-0.0491599551948366,0.10801041989903,0.109297214670473
-0.137498791579337,-0.13943176687249,-0.127460978204249
0.0503059359629361,-0.0963843839504013,-0.130398522837684
0.0691582567432781,0.0449070137667107,-0.00265338081226764
-0.0541575552092794,-0.0253827556666289,-0.0456294785292703
-0.100412300348401,-0.168485495592212,-0.174624095078527
0.0407505369490209,-0.0454851255907562,-0.0600013179985156
-0.115997227342635,-0.280281958741643,-0.236467977948698
0.0263764871232084,0.172356051803168,0.185469774147977
-0.0552187331877925,0.0114569894503575,0.0407794314546939
0.111152875248696,-0.0262839519405107,-0.0694545288079929
0.209668095228211,0.177037145430966,0.125234208369271
-0.119358959951605,-0.0431939808335499,-0.0856657849027236
0.193874269508302,-0.00440495668255773,-0.0118402994798348
-0.0416810467857634,-0.0101974152548084,-0.0507157073528377
0.207123283992564,0.0304156015105953,-0.00927848430853015
-0.0629761739735732,-0.0130575231940304,0.0235654237117941
-0.0684755587564126,0.0289491039337475,0.00504181151933839
-0.105808734124963,0.133174602799486,0.168157601705582
-0.0480455643624001,0.154900271701996,0.0732553881009581
0.0177965734052409,-0.0389189308771083,0.0342485762123644
0.18670511090717,0.100917172400185,0.101354337808737
0.126131132596662,0.165217995202482,0.192690989737918
-0.137838653066752,0.0520783878440871,0.0312803487584222
-0.0648518817427413,-0.0743858496607214,-0.11312998499813
-0.128779213976278,-0.0723705340236549,-0.0980349446262379
0.00710397969239917,0.0316315885796934,0.0440140116594002
-0.137180583017959,-0.0740427052488659,-0.0762246066093733
0.208370147520073,0.127208856128678,0.136315260649669
-0.0561465351593451,-0.0121666349392527,-0.0375111410297689
-0.0402319023386915,-0.0772177909434028,-0.106096811251897
0.00295088508295677,0.0139058005791752,-0.00266286820050413
0.142946881191394,0.0346770045478966,-0.0024891869699409
0.00709986995718329,-0.055536104201025,-0.0244658344989842
-0.148198641664568,-0.157299329957947,-0.124282358972217
-0.124686864486531,-0.0515562030577001,-0.0201415388671371
-0.0617962114793357,-0.114654356590194,-0.120673219468756
0.0659613463379244,0.16024747834537,0.125988292311287
-0.0218318662768151,0.0878921434509298,0.0733930487816501
-0.147775220327068,-0.271027137368703,-0.246025677463551
-0.0914875965395134,-0.0788001225430755,-0.0881245962783033
0.0501734038541249,0.0599183366580698,0.0939218919606293
0.0161061102126375,-0.028707651705745,-0.0782779401443989
0.111933768749356,0.201293070092165,0.144756732011153
0.105626262057966,-0.0245291616003322,-0.0236063896110264
-0.0718529733647625,0.0237567575376062,0.0689663639306083
0.0103764979887838,-0.104097419055264,-0.115895636664389
0.22514868368096,0.0601879744398062,-0.0288131142657484
0.0585821903214624,0.0971664749889422,0.0608569468995294
-0.23828481983091,-0.104227142516843,-0.0644614682559732
0.19456188337747,0.174486520156824,0.139831469921753
0.0336993916915838,-0.130828410896513,-0.166828019668685
-0.0166715404727694,0.0398194947002153,0.056170153723429
0.30931356309213,0.0963621870545198,0.0642301363097474
0.0825947205906806,0.0559185120849002,-0.0195100800606679
-0.156002643536841,-0.162006535652056,-0.125352002788475
-0.314750946084727,-0.166121880837611,-0.11975234685008
-0.0120953082640212,0.0285140713386328,0.0591387796677569
0.000958870563078825,0.06330253492078,0.0926577130868143
-0.0720017520011708,-0.0471339018465579,-0.0375698041100663
0.0146825051266495,0.12672503780931,0.167932317552386
-0.0845559533570275,0.00821288257714526,0.0225524919567759
0.014186715271047,0.0523143076541215,0.0580348003316867
-0.0932466215087595,-0.0826237578273627,-0.0133780138093184
0.266543777988269,0.137091569039122,0.121386790754952
-0.035711426769899,0.113368565331057,0.156660115982017
0.0321898555888148,0.125131297735661,0.0764046953940155
0.0672746539949742,0.120247529874453,0.121911660244403
-0.0751199746679697,0.0954364908583341,0.114669220245028
0.0335523725857158,0.254740076385703,0.258532017393336
-0.084902964350825,0.0226143735659188,0.00236094833474406
0.0402358568206722,0.108992627718309,0.108251662507409
-0.184084675665049,-0.0814672108346558,-0.079979203179582
-0.00334420900910246,0.00640850812327629,0.0443299723687501
0.0514681695931215,-0.079432623540363,-0.0582557567491164
-0.0349786379336054,0.0223961858388208,0.0116413412588191
-0.252086402236348,-0.126757294754873,-0.121790322291369
-0.0554577605269239,0.0451632173640063,0.0248388670025571
0.0257558888633871,0.00387680324531036,0.0803232739161963
0.0939956321196313,0.122680919107558,0.147781221525063
-0.0902871880418608,-0.0711204268627189,-0.0159369056521205
0.055151246893486,0.0950188877651172,0.0717112321948813
0.0657847012268899,0.205563879560739,0.195023151379458
-0.184987201182319,-0.0829873835611876,-0.0384806215872621
-0.0420017817758439,0.0533089972545263,0.0627776949558777
-0.0810208129481579,-0.0592133623233545,-0.00542875809371173
0.0438040120288425,-0.00354751356744537,-0.0139920282999687
-0.0514254552911911,0.0827253763762207,0.116983968784767
-0.07280896014577,-0.0595620593464633,-0.0189763423456544
0.112854150129528,0.119104343356655,0.122814725818992
-0.0219085375984788,0.0119601550524231,0.0388232692476155
-0.122086031915472,-0.0323542811549822,-0.10363840862804
-0.0542023387717553,-0.126764291606502,-0.0721451835965284
0.15487655335065,0.12055441733951,0.103310855870938
0.0963365867431744,-0.0666300026478776,-0.121525704212039
0.099032332772188,0.0818431915277549,0.0593637271738621
0.0380669690757685,0.158255176595709,0.220041763561813
0.172006586188588,0.0661821379569112,0.061047793415777
-0.0126081905069709,-0.0947923409135893,-0.0924332659217279
-0.0297295459214433,-0.0593064351901251,-0.0359720680263173
0.137286129730476,0.0649601113862817,-0.0416520921950965
0.0350202385892425,-0.0287946871997569,-0.0217239508320926
0.0551861808833779,-0.055326331403166,-0.00691427898407342
0.0548064220702516,0.021145340386615,0.0185952500483193
-0.0886791471824779,-0.0532744981621682,-0.0476108110672967
0.0482308880175289,-0.0455190094282057,-0.143501080850281
0.0254121853249397,0.133919802810918,0.0851872743354572
0.0951592855615505,0.047556429449911,0.0180605898725017
0.145007366467643,0.113137467265343,0.0443980736901082
-0.112130742365055,0.042413325689288,0.0519162670025191
-0.094798876265495,-0.00490404814227743,0.0148320758061651
0.00354065889961171,0.0216523353722651,0.0589867785912297
0.0758714747910663,0.00167511836523181,-0.0195403079173598
-0.0399444084370226,0.0741573120142447,0.0202438815083537
0.0105010252617032,0.00759246155447665,-0.0189627710028283
0.00620257796600984,0.0269177220198855,0.0218029515995072
0.191795603414819,0.0304083011295417,0.0192262216421306
-0.00193565444476386,0.143181623347842,0.0776933124861595
0.111359135422259,0.205403858331939,0.207182453912908
0.0375169479435947,0.0418944512234454,0.0556519544606211
0.0863430356942753,0.110787260734048,0.127506277439267
0.0419703134653928,0.0753526436862281,0.0967521144104695
0.0796894314564522,0.0554412003000334,0.0438353477612196
0.0322819388956166,-0.142672562563166,-0.168258720126897
-0.120595317727539,-0.153576041310691,-0.138745676390997
-0.116504249553243,0.0645546957753378,0.145410272980909
-0.0796174533132504,0.00141686060403682,0.0268826010800634
-0.135279912581191,-0.0361051383996998,0.0386725707390553
0.013165962230567,0.0391248174741878,0.0461895028389296
-0.0816806397903971,-0.0397620464422146,-0.0407920117732393
0.0517854821216273,-0.0155399910413942,0.0140879715423446
-0.0650672840778522,-0.131172327728451,-0.1032252968602
0.0119193671073063,-0.00762768413605972,-0.0149641273818395
-0.144278908677603,-0.179197918934975,-0.188511681318372
-0.0984255960920008,-0.0998029573473154,-0.0646921333482984
-0.0406802911267495,-0.132682943620011,-0.143278053381522
-0.0246767902964023,-0.0136837564422414,0.0193153706410953
-0.0735878133237986,-0.0723797856796875,-0.0303655693252203
0.0991246381134274,0.120021956757055,0.0979944123893173
-0.0381257381801073,-0.0193675395671277,0.00452851870939779
0.00208800269312074,-0.10005413490856,-0.0570851179996572
0.0524863504731921,-0.0951082354671212,-0.077641816345116
0.0362745686497087,-0.169532834304676,-0.122931911508571
-0.0719436630813921,-0.22411209468996,-0.265891073961622
0.000134185859986819,-0.0378627928086493,-0.059042880494788
0.0154627723217233,-0.139279788345018,-0.141977125993581
0.0470246078069562,0.0685977134814015,0.0904042165628239
0.0242505980305028,0.072207282790642,0.0583109810294252
0.0603068432593308,0.051425189829643,0.0307175213288536
-0.14226499686928,-0.196627697195099,-0.193586564847795
-0.0104524002015435,-0.0543033297841712,-0.0672093845555615
-0.013952256159149,-0.0613366413189843,-0.113479435524942
-0.0239403461823867,0.0238680351444229,0.0519609063961245
0.0905846103581551,0.195083190313408,0.169923556770993
0.0110591698894743,0.211914906492764,0.202052335430317
0.034358315558362,-0.111686029463528,-0.0771809856815903
0.0277497175849204,0.165288242935902,0.186793668295872
-0.0480406780560994,-0.21268684763428,-0.182544406003228
0.314463159278807,0.148337767572507,0.129211312462173
0.0202781662164173,0.0319480679718205,-0.00483361126588991
-0.0714477220758088,-0.0255957730215059,-0.0288919949397461
0.0589249812817762,0.016134235774591,0.0194948771167817
-0.0749616812673265,-0.1484935121739,-0.106333477213003
-0.0540027522800184,-0.147102900748054,-0.125516842295465
-0.0575883923131255,-0.0450704858965261,0.000988381569864269
0.114090717735945,0.0483223083371625,-0.0380907560414933
-0.00430057048681168,-0.0399852060475018,-0.0463457749702808
0.201103537242769,0.0339838285575862,-0.0584338813142187
-0.0373295626860788,0.0221458032775603,0.0547856699776628
0.0391346760064775,0.0389548558733655,0.0157122529741055
-0.0965540000408535,-0.213020711742815,-0.151099434871865
-0.0772428668829548,-0.067665953093806,-0.0323278743694819
-0.225810528201951,-0.0112726904591366,0.061066234961993
0.0769154146658393,0.13565259302774,0.115930539433857
0.0510396002176362,-0.060477943140866,-0.0661302681363024
-0.0448554840427524,-0.028887650252766,-0.0343844167110054
0.134882115028433,0.162145786270599,0.107999322062179
0.0478713542233433,-0.0683175230084426,-0.059976036314967
-0.0660329860579952,0.0748087657572646,0.0568649072608548
-0.0507734807190503,0.149531748877018,0.184094207074131
-0.216632187220709,-0.117889522089995,-0.0998913896741116
0.140901858322888,0.00120898446064688,-0.0593126156446309
0.14432922712074,0.113838212827397,0.0708861743880525
0.0419331451852795,-0.164060683148204,-0.194427429240987
0.0275411719483167,-0.0256741801606984,-0.0620584822563759
0.04280798539279,0.0585953618819169,0.033005753657735
-0.0017379818078405,-0.152634727847871,-0.146445704954259
-0.126149349011923,-0.0847582599513591,-0.0666370533979875
0.0460169418615628,0.0136917109880317,0.0109521371026246
0.0052960174019368,-0.175928778188118,-0.174009441251253
-0.0373507579611205,-0.0633950278529712,-0.00659010264667078
-0.024330916711992,0.0312089817643111,-0.00715372264006695
0.0346641066592036,0.172854576110363,0.118482204147317
-0.0035241308796827,-0.0437034170089108,-0.0600748279093355
0.162271595351259,0.16862925138034,0.146006235856279
0.0399669999187871,-0.058730758157285,-0.107442923780933
-0.0595248124136958,0.0291780077231109,0.0312851249026176
-0.0799465960341827,-0.0343588274504293,-0.0227727251153144
0.081432274063134,-0.0343112965313278,-0.0936408278079622
-0.0919519933210437,-0.0766483687123236,-0.0667692679615067
0.129945378421762,0.0292480439667946,0.0136079298615154
0.0574034094182581,0.00254381895762144,-0.00613797406624798
-0.0645996918132744,0.108321701080087,0.161743592125216
-0.147806662273569,-0.0409687683499219,-0.023128816891696
0.160154783340068,0.181308177390858,0.166010975530237
0.107045028115932,-0.0347272325228439,-0.0605968673860941
0.0110496468225395,-0.0849464803483329,-0.0783645842952437
-0.0630135726176826,0.077257943344197,0.0949243337744992
-0.135479175012555,-0.203219241166009,-0.230846244327407
-0.0680824546842797,0.0744294068802315,0.0174780568105844
-0.173830404935019,-0.125496899611997,-0.0660467498578375
-0.00449763096038524,0.138123550306184,0.109696758253209
0.219994959589289,0.0965157199632446,0.0599531301117011
-0.197475222958539,-0.0263686715201536,-0.0120537419269948
0.0163220911005814,-0.0569108583711234,-0.0321085259498595
-0.000283097865086341,0.0549668831471621,0.0854166366775578
-0.0715603397657777,0.102073652969173,0.121144508781749
-0.254653646920161,-0.138955008862224,-0.0859501622322292
-0.0771037625786399,0.00556869285385816,0.00676171896675067
0.0364559068246758,0.0634974154772556,0.0125099477272039
0.116056952463442,0.0224718551692415,0.00128449252760297
-0.0475513130088825,-0.0965327946149668,-0.0736560391180343
0.112939423433193,-0.0031008659163185,-0.0330478439331811
0.0424189585593957,0.042656191720101,0.0124674786892671
-0.113270412203177,-0.229781112281779,-0.269357973723692
0.0125514543088539,-0.122625274192398,-0.157619596055174
0.0791224236271698,0.165605949921216,0.116473442929556
0.0210838532765773,-0.0290417834635215,-0.0495401753364087
0.0500276754489957,0.139614166687658,0.0999343118145855
0.202215451593868,0.028655446953299,-0.00635118801141702
-0.10785236937585,0.107977563528399,0.15001896691954
-0.151894328950148,-0.0739338004490814,-0.0734937746866952
-0.101183219742555,0.00762891364561228,0.0434678363206656
0.0120886236668249,0.00351351655188328,-0.0206415908242309
-0.0189965471938996,-0.113325027606852,-0.131533716810443
-0.0339756482044015,0.0484177530371879,0.0612591235737978
0.0251928395121388,0.115513366445264,0.104829318705443
0.0228758348106163,0.0506224507746316,0.0812155387225256
0.0485166194816507,-0.109062398038853,-0.145346392394982
-0.019399915228597,-0.0101224629706715,-0.0315937220236171
0.22997896980571,0.177440085959778,0.175517798424188
0.0635672200548233,0.06880459380345,0.130619196332453
0.123728233920046,-0.0416876462517832,-0.045397329984633
0.0966342232378016,0.17242140987355,0.205827166583842
-0.044503867334695,-0.0909256000537946,-0.152621549619852
0.0565241749321626,0.125691630454919,0.136316356123598
-0.0198990512879704,0.119190566720704,0.0985815849287501
-0.125475856572818,-0.155352819305609,-0.183472532152329
0.0471977365925376,-0.0912268118178406,-0.119540945340414
0.0117675138629541,0.04440982633721,0.0545563872985191
-0.0909310810575906,-0.106495794722029,-0.0754543327858263
0.0120295583384429,0.0670408174856029,0.0181353655403938
-0.0762677388913282,0.052074883486861,0.0462784499466537
0.1795946693589,0.140419640728275,0.182462599939474
0.204583380774438,0.0905936892267705,0.0977668785181933
-0.0198331933495157,0.0913181560875734,0.092217348638735
0.0597993682756424,0.056954164987121,0.0398426851191471
0.0494302358199947,0.0060144663607088,-0.0286375960026935
0.078406613478763,0.0515285937520174,0.0126577486274502
-0.0599219754455429,0.0989969643695238,0.100145862415478
-0.08119051202436,-0.0755870074471863,-0.067761694418714
-0.146075367729371,0.128243200626283,0.178529015059417
-0.0744983956243295,0.0108763995928951,0.0213081803061748
-0.151183648162507,0.0229784233645505,0.0704769721219571
-0.137419498745935,0.00133501096536879,0.0291311708298144
-0.0181533364763805,-0.0317131971851266,-0.0233252512919237
-0.205006394462514,-0.272563312635068,-0.252961898217748
-0.0242317478075225,-0.0111925195835616,-0.029571717520571
-0.168036680917861,-0.0642600695731795,-0.0928572456761576
-0.0758409068570771,-0.114145870742644,-0.133951033250199
-0.120261911971821,-0.227674596596049,-0.207047252572712
0.0425997539843147,0.126563108834881,0.111713972902075
0.0629133775420412,-0.0536953387701663,-0.1105289731538
-0.00215222385009569,0.141771370358621,0.178074459597354
0.25335473554614,0.0389111067147031,-0.0275210368337184
0.180678148705599,0.229261874072641,0.17347727776153
-0.0421339652128783,-0.0553017708094928,-0.0631294638321004
-0.00940979854430592,0.254958594579412,0.251369855092321
0.0343446881069031,-0.0498620735734128,-0.116646358453442
0.0598867377228709,-0.0682504732911851,-0.12583564251767
-0.0216519848511798,0.0442158570610485,0.0611158879165024
0.0324262106810658,-0.107478937286236,-0.0665691877866587
-0.382243126217412,-0.220053356242286,-0.154366109160935
-0.106978982308097,0.00895981806581027,-0.0338010908720947
-0.010949249096973,0.0787723951060324,0.117107935630722
0.234685576759792,0.253760818497621,0.256919931107731
0.170447974701421,-0.146316427777637,-0.15020933035343
0.0540088095566694,-0.0114794646964539,-0.0368137374140667
0.114345625613665,0.168369988706308,0.171722309849437
0.108852742161485,0.164060729287378,0.146543569117622
0.087665809127183,0.115291500880069,0.13401998743652
-0.0354691804313886,0.0421446519734328,0.0290615067407585
-0.0788316773702497,-0.172762349627876,-0.149010036075938
-0.104330461205145,-0.231500438451755,-0.223141786102998
0.0717148756491414,0.0688571754484563,0.0408937918849311
-0.0722957414045642,-0.167405465216688,-0.17009421070966
0.0748978563779129,0.00930623279141306,-0.0287015220194383
0.0808711727272861,0.25268530819151,0.267899909333709
0.0291296135830828,-0.0338300347282479,-0.0241329140140078
-0.105533255893343,0.0699870528553437,0.169010250936975
-0.230594213263867,-0.0627750592363915,-0.0386415288993251
-0.0138003343803905,0.105629913008621,0.163659247564033
0.242874204938749,0.142595907172963,0.128309553456778
0.0635484199764084,0.180236414495557,0.158553434494346
0.212741730979103,-0.0388138012528977,-0.119141651712758
0.177073946604413,0.00762310151411088,-0.00456580370201159
-0.052666332969427,-0.090804458364492,-0.129174839692457
-0.0257067763068886,-0.0140536657127329,-0.0290281230485008
-0.0865642697072216,0.0186244191892204,0.0648961137214984
-0.0624958334593995,0.148388796499326,0.132629251265236
-0.0529893260970549,0.0427124855320327,0.0438562981149704
0.0694923752642639,-0.0549919563275423,-0.087489793240858
-0.065395689235889,-0.12347183527171,-0.119674782291434
-0.0260417748125869,-0.0808026836551085,-0.0789377509544786
-0.0601238800605082,-0.0795085371696176,-0.0107989450076576
-0.143215797355913,-0.232087457016597,-0.204254221432639
0.00920772476738686,-0.0323483636519816,-0.0674224449427813
0.133186658354742,-0.0604628050787785,-0.105155773214587
0.0072383996161501,-0.0146288878605225,0.00932141791718813
0.0343323488963973,0.00112970758385103,0.0260256645005255
-0.294810092372701,-0.157075017867776,-0.0369448807602624
-0.0621208064394866,-0.00490890600280897,0.0114353886098009
0.153174195084857,0.136967246542004,0.158522146157644
-0.0986845596583423,-0.0799545065715031,-0.0913428328686005
0.159137205578008,0.114174180647264,0.0518308267374053
0.0792675738786244,0.0925223388960053,0.046495151091841
0.072717521541803,0.149900107994136,0.146521231723814
-0.00275475698690209,0.238544460752573,0.230354827485275
-0.150720081287956,-0.13247808675046,-0.0516639419776358
0.0893120485566946,0.194793327761147,0.178204315521859
-0.154182439304857,-0.162054862038137,-0.192118073429178
0.0297967640515824,0.0264071739601467,0.00722779813501563
0.178556061145458,0.217599505844186,0.166156639128498
0.0494352537680577,0.0680324330910042,0.0677428407607694
-0.119090708209749,0.0895490699629649,0.0917641636433244
0.0240790697443633,-0.00899110795698192,0.0545384547322711
0.193056615504375,0.0965169839742279,0.0372822285995303
0.0430715028217975,-0.16552142744616,-0.164435671822689
-0.0107824548350698,-0.116221919910184,-0.100044833578983
-0.121117213526483,0.107559632497049,0.125901396969529
-0.142592406700936,-0.24297300485277,-0.273058308556357
-0.0537816148236734,-0.107354063670207,-0.0894153633847682
0.103768747460803,-0.0863434045031264,-0.146849709985493
-0.111226549021034,-0.242707568892765,-0.24140357299694
0.196702607308479,0.145898552605366,0.102993417753184
-0.100101731159483,0.00817664385717225,0.111346743309907
0.0624209207427805,0.102099048264974,0.0528688552908973
-0.0823824525246509,0.0664053193297755,0.070200893173057
0.0594346783035328,0.138078669258315,0.132864545839816
-0.0974056193131297,-0.0184590723347885,0.0320356149490304
-0.0726824646225039,-0.117005825323042,-0.0949342937620912
0.097136183518329,0.136175592346358,0.127179344390645
-0.0304411355485829,-0.161689138827713,-0.133304741477817
0.0735198617442152,0.192025464444607,0.197492647455482
0.0725036093397818,0.0994724024391843,0.0678543388744539
0.12299818066741,0.0190283250656103,-0.0354513078619827
0.0548200251865581,-0.050954464793554,-0.128390737595791
0.024995563081999,-0.0618067106708197,-0.0772246848522185
-0.0910709498688822,0.0438927383424328,0.0452729613320964
0.152172790832611,0.0316472375160083,-0.032634138442612
-0.0669857803824699,-0.116661045048176,-0.0627181168565328
0.0533498437817769,0.050002928979503,0.0256546311642573
0.00930468519253101,0.0772369009113749,0.119600528835745
0.245516347379242,0.184879060677819,0.213639733282667
0.0861832255731449,0.0963865097361756,0.145452125735084
0.129759365720129,0.100182994779169,0.0579063482131269
-0.0179813366068158,-0.144067323380901,-0.139433012255915
0.199484103660089,0.129984944737953,0.13370578535869
-0.0362325458290495,-0.142129181061835,-0.100364566413507
0.137810998337668,0.136948408242251,0.141713804347474
0.172476473605938,0.142366426776247,0.128715018544183
0.0276829911958567,0.0572513902643871,0.0785622942817265
-0.0280994996978591,-0.104474282170517,-0.101730205955066
0.0789637305163559,0.00897504561894356,0.0205334105366571
0.0925774311561541,-0.0684549924307512,-0.105944101078128
-0.0473215245172925,-0.174127847291309,-0.185981078675563
-0.117784125547565,-0.11245443001636,-0.0313802450538398
-0.10474260755525,-0.143046409772516,-0.102511248425013
-0.0681634481369218,-0.0285380768832032,-0.0386596420644577
0.0451276698029217,0.110142470762345,0.147250035120588
0.215744427004786,0.28887823347087,0.25120229373063
-0.0458185183398161,-0.00267741045268054,0.0417447090863751
-0.265305729848614,-0.187073332032753,-0.16536468215406
0.0198506385645187,-0.0466642501166474,-0.042115970623065
0.104678309232179,0.122695670228604,0.0733223948704274
0.0186366799036511,0.0249135355772688,0.00315277164390987
-0.130158523456928,-0.00778395403668384,0.054081769331213
-0.028112129214098,-0.103204889032037,-0.125445242208256
-0.15543638683294,0.0013932451368175,0.0610738269607359
-0.0554882556534223,-0.0482726781426837,-0.0593900451183196
0.164436944341552,-0.0212223909612481,-0.105700246769201
0.00684574544094268,0.0286010851895164,0.0188696551112701
0.0209855788623649,-0.0450289989715408,-0.0209354418809111
-0.0934651993535974,0.108314504975372,0.150829012801028
-0.0401273750623466,0.198944461938075,0.182393411075981
-0.0403741545810049,0.115555785230908,0.163352846083535
-0.0239747186612142,0.0537794532775976,0.120013164676974
0.0246059873569806,-0.167069179440648,-0.187290681321766
-0.0627591249302966,-0.028949243197364,-0.0542271205544942
0.115041455021973,0.0995518934261802,0.0921817085471212
-0.0372349541008778,0.116473466228798,0.0899321766010481
-0.096792617871214,-0.105143924271393,-0.120712810197043
0.0192142939176047,0.0089839079670065,0.00558489628159543
-0.0949691497104508,-0.154464928884446,-0.10656322792269
0.106774842573749,0.124881138173498,0.086249260802939
0.0472342477230339,-0.0721340941262233,-0.0368876861339482
0.14503394527493,-0.0275833484133691,-0.0248411820612049
-0.167620703628244,-0.00955039302106978,0.0203692179262942
-0.0257645840524467,-0.0391119137490603,-0.0878720465184742
-0.149074292145879,0.113469521051914,0.0802267767833238
-0.0256311232345325,-0.0189786410321845,-0.000128825911719125
-0.00275850153220788,-0.0731077422901353,-0.0963579132980982
0.143061520526242,0.102994826216223,0.0649754176019375
0.164389913772041,0.177428408042328,0.150038897158288
-0.0645612161397143,-0.0108309258281879,-0.00914782337256026
0.116300739969589,-0.0148622265702883,-0.0186672853542403
-0.0979106510277632,-0.161040132602265,-0.181908788728509
-0.117230895145356,-0.0429909195056355,-0.0692279848447656
-0.0054100203802521,-0.0366882049965844,-0.0904989415758408
0.0379441001899021,0.101474480042223,0.138187345362027
-0.0570796153707971,-0.141152265141097,-0.145995899446262
-0.171712819123978,-0.10624122767288,-0.102731377682538
-0.00918685648264789,0.242781550223509,0.216727532894467
-0.182270549948715,0.069339534270444,0.103811186384074
0.0385721824739401,0.0427016743619961,0.0450341209661643
0.0302776595407383,0.0271674197575957,0.00911050634068031
-0.118482589072518,0.154032488559989,0.249428832188043
0.11750537730645,0.0283340885544335,-0.00233113188631756
-0.0468127985351651,-0.0062596716595947,0.0440682191395701
0.0751354976750145,0.00356796605910726,0.00027359098831467
-0.0238781606559495,0.0293214225507333,-0.0413499222721519
0.0250954880007452,0.0491629174770712,0.0581438486260432
0.205741323886898,0.166437665628263,0.137234329947158
-0.156633749470266,-0.0961781509353611,-0.0736306579616461
-0.122460238225403,-0.0764472471365033,0.015807418483258
0.0440596362217359,0.154861391862247,0.0855122736621335
-0.0450356636582361,-0.0476668006933027,-0.0715788056074749
0.118628896553952,0.0659064573098168,0.0368052015313768
0.058120573210073,-0.144270452960744,-0.147646457551388
0.0809519882828939,0.17563443084945,0.124360649968917
0.215033385854316,0.00505893107739899,-0.0528146289757963
0.00899003948002093,0.00263369720461507,0.0310393982819996
-0.346961660922494,-0.264512015166564,-0.16846304687753
-0.0385214429935222,-0.144486036476195,-0.189361663267263
0.230510022402179,0.201681391706567,0.166767475967512
0.00970060307971093,-0.107030566175939,-0.115346244046602
0.0941602898546054,0.266169565420609,0.312690775103146
-0.31091429073293,-0.0944218068800253,-0.0451016372688537
-0.0669615900146577,-0.0288535601694068,0.032634188685896
-0.128313377680639,-0.0122748788695363,0.00889071910929285
0.165122719166252,0.110619621080235,0.0586515375136844
0.134388577727121,0.0851488386423548,0.0530498872390955
0.0394742244840363,-0.00661424209989151,-0.0272107303642808
0.0689246097254071,-0.0827376913978102,-0.107889893882157
-0.156903736713627,-0.0580973780815444,-0.0122227591072357
0.126227616914792,0.0303419852885241,0.00649346802374426
-0.204534332247158,0.0180593339187342,0.0739562072584838
-0.00706473766934987,0.161428557947244,0.15081426364013
-0.0337881484855833,0.0320076217593749,0.0537058591115394
0.0859647656214514,-0.144013308034136,-0.135699216836451
0.0355239933599773,0.0538729608997096,0.0722645601950863
-0.00179594482110461,0.00295426900964388,0.0272696057388336
-0.141895750668739,-0.187682547415489,-0.187122547790577
0.0648882954729221,-0.105068148326079,-0.142016836140732
0.108732113739108,0.00990911239579289,0.0135651853907904
-0.00907582893661883,0.00308852692072716,-0.0245970391467383
-0.0792689492031447,0.123399273414199,0.241892660767939
0.215138490925437,0.167672070653905,0.146935997039914
-0.00954907689581169,0.0714726676510424,0.103385121676487
-0.0250140536549832,0.0727367436500634,0.103743674158562
-0.0552972248651758,0.000567844434093673,0.0650895130880466
-0.08483077799379,-0.130954677326328,-0.114955774101784
-0.050128108998636,-0.0839839713299055,-0.153040203672502
0.188527470206692,0.280990429273931,0.250495097405611
0.078005791742367,0.0231459479764245,0.0206702648784762
-0.0109975536775397,-0.0252603120216372,-0.0134513596017032
0.0763624950271893,0.0218480779379404,-0.00378995655855792
-0.0141697053160971,0.275942797590815,0.299345686746157
0.148197531726983,0.12968463947116,0.131729910384777
0.02405391246011,0.0684502828453864,0.0613115118916355
-0.106972007516969,-0.209286219337364,-0.208875819251507
0.0788153564910415,-0.013015227256934,-0.00221928590220545
0.111264845408353,0.0927533416657611,0.0768402034457453
-0.0403088537496877,-0.17357194235164,-0.1961629760756
0.155307098557488,-0.0305112188809053,-0.0456991085319138
0.136469559227623,0.102344899070434,0.104686471713956
0.0223004692215279,-0.0172625506861467,-0.0316159618679354
0.0649307988485727,-0.0660728470089433,-0.124761994017924
0.0410826408549744,-0.0214390582720707,0.0159328165700692
0.131689490740685,0.172010461517036,0.106162567019876
0.0694584104370162,0.127271105605631,0.111992895049105
-0.0752127535665925,-0.0605261837925949,-0.0657987483093661
0.0942212057551108,0.131526851496408,0.126138169766113
-0.142730709465986,0.0918580021749301,0.120581950431592
-0.0814484707099477,-0.115687797587316,-0.158364840689872
-0.0829593485092098,-0.162668701503567,-0.147369230725287
0.09792413284402,-0.0291482602217138,-0.0298700126372564
0.163502086228334,0.117720702155349,0.0952517382008976
-0.0139308990937932,0.0942837897496586,0.0814501264763786
0.217695665848906,0.0194612970635905,0.0132273766971832
0.00246401826459072,-0.0763619407261808,-0.122013562902359
0.0666704801914989,0.00727196959945437,0.00838775633874107
-0.132980109407288,-0.203739340835627,-0.185926640025105
-0.00403272248758441,-0.124353722624327,-0.117819983034089
-0.0987415107095762,-0.230499735861463,-0.258765806569625
-0.0735421134284965,-0.0600787981475775,-0.085046967535459
0.00872537942119782,-0.146389954730323,-0.140444857958893
-0.0586683009669813,-0.0411407071401019,-0.0878588274435629
0.0720472323061155,0.0360042615094603,0.050377922337929
-0.065394630600472,-0.0464852598649556,-0.0533074074472007
0.161194048096629,0.3011859784955,0.22719652363385
-0.199514755855083,-0.146051748306477,-0.143822236688237
0.00873333795575685,0.141487630417124,0.128078381646721
0.0458929243113581,-0.105344285126086,-0.140589755640636
0.0832292195037758,0.0454037836263707,0.0708132868638853
-0.0423264286057494,0.0471896604188902,0.030460579278755
0.021027365471599,0.0460077298082909,0.0969926798664203
-0.0936985072045413,-0.00638339732924663,0.023665497288068
0.0269260184196219,0.0437214014316036,0.087093564870309
-0.0324293546062887,-0.0883025178290665,-0.107013255972792
0.0112070336785854,-0.0606610413425434,-0.0484692930729618
-0.124743901865242,-0.0516514942189716,-0.0419260577316146
-0.14131476334096,0.0797878086347416,0.0789393308546278
0.00335224609967997,-0.0902407172060176,0.00179481081375084
-0.0557100074598579,-0.192705598169311,-0.18723471438054
0.00154332371283296,-0.0103015213186893,-0.0580159870110805
0.0361291456245468,0.0236408775919557,0.0602988521583466
0.0380138179436914,0.0160153802799276,0.101334775168499
0.12944153906398,0.0604801818142604,0.0741395275604017
-0.0454703872829531,0.0384458873134152,0.0681318526931132
-0.261065628043989,-0.155143907410914,-0.223507667463195
0.0750910432324324,-0.00962396809089392,-0.00556660770545061
0.0995398305580697,0.0567498557601047,0.0356212313855949
-0.00861474554452522,0.0452600368738001,0.085863682943902
-0.0418668446426002,-0.0634534274010729,-0.0495230974293196
0.0551325456029864,-0.0812426427140185,-0.0790543461424335
-0.216720425386027,-0.0254753895136227,0.00807981373545719
0.103138498690455,-0.00726119968025996,-0.0345989622626409
-0.0447414433157345,0.107718781823381,0.0943422241810893
0.151367081729093,0.204050394853219,0.119970470637727
0.0158521896957927,0.210599892979161,0.22916622344144
-0.0756479623169757,-0.208067290134698,-0.190255886661224
0.0645134803815324,-0.0231232552204737,-0.0266808453137625
0.196504739509919,0.0299875477989048,-0.0434706012250247
0.183638722015425,0.0532514502761136,0.0787796036851014
-0.0965440473119971,0.0612687010346604,0.0419205086915583
0.000976316412256906,0.112607525675237,0.0946866534913008
0.141981867886823,-0.0210820814189924,-0.0833666768953236
0.0675862858667518,0.0635393813256443,0.0825321218905
-0.0560209539598049,0.0782282197334572,0.126994722674698
0.161628525228727,0.0904182474445732,0.0329937213501013
0.227089254297088,0.0753860416732272,0.0847856004914889
-0.0756228905671688,-0.074006997284551,-0.0400144840226499
0.267134532682304,0.068507710530879,0.0752798155730996
0.0211208345197783,0.198297603794254,0.229941988858618
0.211906209869518,0.19165669807326,0.209830101719134
-0.000632113928482941,-0.0397414795349426,-0.0611197095727018
0.136994753909451,-0.0686716241389915,-0.0900686527965579
0.161580476859781,0.226514388130596,0.177152685888221
-0.0214603525547991,-0.0357312862829851,-0.0228655889321836
0.015546212522037,0.0701915970169173,0.034176718608911
-0.17325781301918,-0.129653583958677,-0.129258839418737
0.0289760906633004,-0.0815446647739315,-0.0773667406226372
0.111803739785802,0.0991514239989746,0.0741478607344197
0.0660681993552741,-0.0254182644547154,-0.0374072808018134
0.0609222235566289,0.129184744074844,0.115540963432465
0.0429094835915436,0.0425114763009115,0.0125948512069124
-0.0608958668465291,0.00394635281097698,-0.0230805958279477
-0.0928120733086325,-0.0307364619640805,-0.0215661650699573
-0.00769231514697863,0.0209139746901499,-0.0922589851351419
-0.0448145597991658,0.0651715813865694,0.153511999868095
-0.069458220752936,0.0753290902694566,0.0816634141650128
0.138711083308402,0.0481204754802471,0.0148665333947353
0.0911923085542481,0.0638607841523338,0.0340961540802007
-0.0224270038571651,0.0428586262563769,0.035393288282223
0.0759776596824571,0.102661944171334,0.0772929246749274
0.0399542212524107,0.0222919392775479,0.0911968012107361
0.153325230182996,0.254071258650221,0.223730379627962
-0.0913466793396635,-0.107305143020937,-0.0743405482269026
-0.0151672596972144,0.0566571689501187,0.136445065569297
-0.050504660349416,-0.0616025924103907,-0.0464892164055332
-0.0179056975493887,-0.00744697430785219,-0.00790606708179406
-0.157744473926002,0.0902752121987103,0.132449869838965
-0.0893318079681937,-0.171464755949712,-0.228223865818023
-0.0570549427405726,-0.0401647200180119,-0.0322490647225809
0.0394597214297406,0.078852762608924,0.0579346021336944
0.00118630355750308,-0.0692817374251362,-0.0804293413713215
-0.00811814478032487,-0.0834700551408238,-0.110407626777277
0.0455599489379795,0.0250514370877999,0.0192485678449524
0.114001173779857,0.0783375125703457,0.0195789680709911
-0.044667981276808,-0.117102672625553,-0.135161504820562
0.0827390087698054,0.3177794953504,0.351976554047555
-0.277734051898511,-0.273614908333255,-0.232334298909844
0.00226768281219958,0.188437560918893,0.227201418718078
0.0410795025493923,0.143284659079141,0.187015603109385
0.0211968000538214,0.115685534975175,0.125085352512555
0.229513816371163,0.0861521341139405,0.0396193390495997
0.228817940374519,0.0557759225273858,-0.0451360179209096
0.006145527481902,-0.123832968090357,-0.127507006673595
0.146036898893971,0.140388303260305,0.122485969118595
0.0211739653816837,-0.00207968882429852,-0.0484280675222166
0.127589196418659,0.181625295299153,0.16838722717132
-0.0236355998214529,0.0419701560316328,0.0816022703469672
-0.16459743515367,-0.192792173293878,-0.213581732889536
-0.247655243725768,-0.0570477883403525,-0.0569122383362545
0.00654793050424367,-0.0213360809548829,-0.0196425845285672
0.164801668183161,-0.0687572220695986,-0.0817820401735434
0.206780353959071,0.270856667254092,0.315397334814943
0.0204922714128987,-0.0720781909840247,-0.0966876015539048
-0.145332366422264,-0.117823931987753,-0.111815864059138
-0.123562832595601,0.155397520038772,0.212219841452446
0.0749923305607292,0.0731426283784699,0.106106546974392
-0.00965843952261015,-0.244964595028253,-0.250911466781489
-0.0902074185616723,-0.118868252366924,-0.0532761995965846
-0.192660126714782,-0.143177192156463,-0.119302950854366
0.028885225538693,0.105091362211545,0.120948064027662
-0.0244914330234206,0.0130000711261876,-0.0110097704793999
0.131242637803615,0.103489534644219,0.115093737947733
-0.214380011116534,-0.1127239881061,-0.0509671397073594
0.0438371789050055,-0.000612862668575227,0.000597478108070695
-0.0487600606028331,0.075779226680799,0.105368342404058
-0.141330668678381,0.0746342136588649,0.09182091665245
-0.0349978373448728,0.055434624714215,0.0961387165589044
0.0319240725468375,0.0228279943928955,-0.000842087148336057
-0.0453484968770539,0.0119411710916283,0.0167862966309109
-0.0121745115672069,-0.0937003704791211,-0.106148550500674
0.131872346774888,0.200730098048132,0.157065112423285
-0.0405544058772503,-0.00454258731143459,0.0219833294268777
0.168746306667216,0.0480881530164338,-0.0225566244260794
-0.157277939952275,-0.232902473706318,-0.24035668315411
-0.160257487806229,-0.0589039180756877,-0.0191472908001801
-0.0525163888879845,0.0412410655025298,0.0760427217474705
-0.0919399562632767,-0.070157344242253,-0.0926424767697939
-0.154875896957515,-0.0984274348484761,-0.0889670785342546
0.070465940803467,-0.0181078297895445,-0.037443170478977
-0.074211060092123,-0.128933975381817,-0.113382182448899
-0.092757822295166,-0.0964534573128547,-0.12060189599622
-0.0158914004623241,-0.00192044377183306,-0.0467940337649117
-0.0992118986099253,-0.0464984538935363,0.0147790829122236
0.0523212975888641,0.0685215314788978,0.0645422369656544
0.030459752078077,-0.0263742371975598,-0.0402351857306673
-0.112343790355687,0.00653242230310797,0.00649712129381029
0.0573582247951174,0.000277489111722766,0.017105251820358
-0.0138545155649545,-0.0221583572825114,0.0703279514613546
0.0706788829887097,-0.131786637652509,-0.113247426491023
0.00773453344788253,-0.0232942009537419,-0.0135412366651972
-0.0802979985539825,-0.0657546369777524,0.0113021191122852
-0.10954592757407,-0.121097906104221,-0.121047356297024
0.104977767637128,-0.0816827032253967,-0.102010911001592
-0.0745772942053349,0.0284257081346838,0.0220149430868001
0.0588049638369824,0.00228786737711084,-0.0255391555634181
0.041177434770327,-0.00995123023387992,-0.02488252132256
0.0356709907974171,0.22734575358103,0.244538412155755
0.0721871325987083,-0.0859620243525542,-0.13575052895086
0.0519021133161044,-0.00240475546131204,-0.0248339673763253
0.0402764143140962,0.0152879682942162,0.0257139473295799
-0.11575746600967,-0.102888845270137,-0.11550765720599
0.118262386743101,-0.00789730900370588,-0.0193188573344878
0.129627386936256,-0.00157681792967624,-0.051372010432379
-0.158828612943374,-0.160024464030446,-0.115448276414918
-0.11561075058955,-0.118331982851393,-0.11080861210202
0.0453168414548281,-0.0261734908292435,-0.0201128571488944
0.169493904068255,-0.0521267236842502,-0.0874938555133767
0.0763271176706415,0.138939727496267,0.0745582518451859
-0.210562091109465,-0.216689187976409,-0.244538480000885
-0.130785179281365,-0.105251558214347,-0.127340624322667
-0.0621093848789431,-0.119653645005658,-0.120909117940078
0.0294090471152765,-0.0830418338628292,-0.0632403625446499
0.0298218668424012,0.0623282359024385,0.00137057083900101
0.203344787778315,0.231155264378676,0.193976393321567
-0.118621790931943,-0.0344303913236724,-0.0322205063281391
0.060168257151104,0.0330778981300383,-0.00507560121404277
0.13590488397058,0.0625656033836608,-0.00450083270249114
-0.0725686081110031,-0.038579094872625,0.0196793949874961
-0.235747552931301,-0.168873362262706,-0.110552392779231
-0.105400543287792,-0.0684748934591279,-0.116176384894317
0.00875541228474348,-0.125337446440303,-0.17522565503634
-0.00181672606235317,0.0262049971681599,0.0337261597003122
-0.140987322027896,-0.359203373266921,-0.371664346006124
-0.136858046919247,-0.0652923415170354,-0.0563527374944695
-0.0117860783912528,-0.0060445503588187,-0.034118987506658
0.0200664333130855,0.122111271734867,0.121280728207078
0.121941879621588,-0.0219966875532949,-0.0256134950732453
-0.0683266976102319,-0.0311924234807186,-0.0274833256673781
0.0197763068316513,-0.24204076208002,-0.230696695571481
0.0907496488446841,-0.115005280662585,-0.124597910701709
0.0850020383442021,0.177523517369305,0.196032330406615
0.0592205189574373,-0.0202486390746732,-0.0386493340076916
-0.0964212775699817,-0.0455574929588185,-0.0270561850486648
0.0306311532613577,-0.0108003894307273,-0.0429074553913883
0.0122141919019885,0.0282825054936741,0.000724795599063396
-0.221894254400882,-0.0400784616431316,-0.0143877163836595
0.0144332176064585,-0.0690226782029623,-0.060614050911126
0.0501098544538294,0.133234418358991,0.1317065578778
0.0508518592761111,0.0944842079362923,0.0353648768840238
0.163856929882001,-0.015310551054453,-0.00729304642553115
0.22870120949295,0.028433684788282,-0.0151836369476758
-0.097398900226741,0.0275777409987111,0.025487488147068
-0.0915089366002162,-0.153526395533841,-0.0937439441859515
-0.0167699098326041,0.0066311893148951,0.0193825173806141
0.0786410961379699,-0.010955560760623,-0.00738856024937526
0.0256928248518187,-0.0682676433241443,-0.101833305372943
-0.184359412259331,-0.0020029399775164,0.00219367843235641
-0.0649977129819123,-0.022571392615261,0.00889616369838059
-0.0881877122703327,0.0266005353352394,0.0896002376241217
0.192270452500329,-0.0237210274135627,-0.0332440651650796
-0.0862892301630704,-0.111014873207849,-0.0978117046211207
-0.11028644719512,-0.133041564812727,-0.0928058947793093
-0.146808817933317,-0.128683894767342,-0.196841633255298
-0.107406018820183,0.176968253941635,0.203951532496652
-0.0600415926808392,0.12538303714851,0.180976181827696
-0.276951847824938,-0.0804338208426709,-0.0463100833704995
0.272025571938856,0.111498393378906,0.0720841608645695
0.0566293959531496,0.162333546686572,0.207563899407425
-0.0989349833319163,0.05058219774682,0.0121714548645667
0.0914262814194116,0.0761777316339377,0.0690216975424664
0.174382664445862,0.167248351185226,0.173220828155007
0.00824136100285713,0.0393420705347318,0.0132206912176064
0.00431448916396521,0.032838812949038,0.062724355881806
-0.343039995682727,-0.247016778616484,-0.176158388658564
-0.00696757041452154,-0.0102482145196872,0.0138649643040014
0.0362945256525903,-0.0920377619393492,-0.122123802758389
-0.0299649004248984,-0.103607696639706,-0.0844452463575514
0.045009725601558,0.103455272325625,0.0635935623219775
-0.221297011402278,0.00589254562694924,0.0174088248205546
-0.029426805229394,-0.0757905431760372,-0.0704813595489116
0.0453059311381231,0.00737302549043247,-0.0139362213366297
0.0436491795665407,0.0708645110369007,0.0555438980027059
0.0885124192996244,0.066932146392565,0.0309636066345548
0.0174341994750849,-0.0262508698091651,-0.0397526164652008
-0.143013543931638,-0.0253036435178758,0.0334716111591701
0.0481021990452007,0.0550837544805723,0.0489460845474739
-0.0149063903171385,-0.0390375470801498,-0.0708997051769623
-0.11145026531547,-0.0649957166079876,-0.00801152977176777
-0.17832880822779,0.0842266379046242,0.145378393596091
0.242734551837032,0.0868878035538289,0.0298402206182873
-0.0509844007924644,-0.0733179392613668,-0.032197058937974
0.140303727177435,0.177217033044108,0.140153495299696
0.0404043321981205,0.0243584671794595,0.00163328099808138
0.197579403102445,0.151165500975117,0.0927284440725982
-0.121844848856576,-0.147507802575539,-0.101503134217636
0.0147899573161622,0.0641725886954301,0.060976670026431
-0.301281852201054,-0.231225128316086,-0.178024471988485
0.113439183166664,0.184656532197912,0.133731424672532
-0.00169707691862499,-0.0265382558465255,-0.0745197138155089
-0.00615927133315612,-0.102500228714751,-0.116627903331774
0.125436300475405,0.135803168686412,0.116546593242474
-0.042550378189926,-0.039151493066133,0.00359598217363201
-0.0476234682371367,0.0763539066964596,0.0823740493857568
-0.247897597733249,-0.0403833832211776,0.0296135878489005
-0.17794434423074,-0.230315694407138,-0.144486170769331
-0.160983813845555,-0.0237826272501845,-0.0155673917230391
-0.107784345054589,-0.0426620900402223,-0.0136267375957522
-0.0627827324064927,-0.0693600869063541,-0.0705523816473581
-0.00308501274085011,0.0202112988590269,-0.0440818334630868
-0.0340518903374986,-0.00110686644790931,-0.0251535565854772
0.0340932233768148,0.109032028994531,0.108895838571891
-0.098431914876533,0.0787128464631039,0.0937828024393225
-0.150678402935314,-0.0884832633414891,-0.0715204239682206
0.0736162748231436,0.118733053164597,0.110270791053241
0.0398247754413348,0.049668604789041,0.0734489961350635
0.0485609360293328,0.0466906353644672,0.0237506920483562
-0.0423573731735394,-0.0523349830891275,0.00533639917237904
0.0179476561493622,0.0895206960880395,0.105350617267375
-0.190300969501245,-0.120315481160703,-0.0751649867741641
-0.0334777684752053,0.0659424384672456,0.104952744337032
-0.130934333603098,-0.0397321974686339,-0.0367346094077246
0.0873224800486567,0.128369903962919,0.165659462252382
0.0585704535383043,-0.128843059448828,-0.0999970619057971
0.193638829193554,0.0510122630458756,0.0422981938359387
0.0531673628801049,-0.0907322021102977,-0.15023301804957
-0.0331418476117263,-0.0389638848087373,-0.0252513369076689
-0.0396263060502853,-0.160526374485669,-0.115067582275145
-0.184434033362197,-0.170648919495754,-0.161117316046895
0.0568587100981891,-0.0081781670922688,0.0437490744282213
0.317926685493255,0.0991048452577394,0.0198603452997212
0.0883098886700801,0.191892838761553,0.190387157598314
-0.168489374504418,-0.023444911408695,-0.0155179420376386
0.0552878963700403,0.219712226395911,0.257536673891859
0.0749976676040716,0.049502230476148,0.0630037849016051
0.0384934174330216,0.0480423207332575,-0.00265460445057294
0.0314106572184139,0.101088638442709,0.118592885753688
0.0368342385862679,0.00580165819908852,0.0293539695261971
0.0791490374524347,0.00208146426226849,-0.0522853981336514
0.082473389509542,0.0962917909816185,0.104400359602043
0.177044574162462,-0.00883969106230015,-0.016919118588346
0.0494446470870733,-0.00698057192057807,-0.0204658807257083
0.109568936265644,-0.0785121670814912,-0.108057962447317
-0.160149753249131,-0.0759306605072026,0.00485643881087467
0.10471249641154,-0.0175070316483722,0.0448521656452589
-0.0650860954227065,0.0302518130074639,0.0109896643461921
0.326051832750394,0.148043948068314,0.149763742228323
0.25555192196311,0.0212681095828691,-0.0323485549246544
0.0108215610967352,0.127002243001088,0.059520398306974
0.0484746444872446,0.105794942625465,0.0690190558220859
0.22066891098219,0.101808644864184,-0.000597252813456891
-0.0563547209118657,0.0204430985751833,0.0726674584939526
0.0324348691251922,-0.137664493731545,-0.141982432732298
-0.0625326730867542,-0.0363717791648356,0.0135406605533556
0.146522151300046,-0.0315219242155004,-0.0526518294640914
0.120239481459045,0.118779145741561,0.125242155760972
0.308214138630485,0.347714968746287,0.332361737128882
-0.255929163762274,-0.104401457612347,-0.0813899821881973
0.0725955000168906,-0.0225582386265889,-0.0917733618516559
-0.0219933622620557,0.00813670847427269,0.00126106956731365
-0.0704811280144677,-0.038122130450264,-0.030776374731814
-0.165372996539735,-0.147362765124779,-0.0638448361123034
0.077740134920999,0.0111982653918371,0.0240987809493686
-0.019704407603075,-0.139238196124038,-0.177275284683348
-0.0832821629291368,-0.0831402816591569,-0.0685116759758516
0.114082682365391,0.0134400727497473,0.0234614837828043
0.0545203470751534,-0.0450328000904253,-0.0700412171537274
-0.00935015292665896,0.00608529248137753,0.0242373392676208
0.0688204131123687,0.00460563673504961,0.0588477405499261
0.0461035496129472,0.0901941445794689,0.0871909136976281
0.0220862977911169,0.006210058283133,-0.0383092669673784
0.00996829373593816,0.217275401681034,0.238885675575503
-0.157577816064794,-0.00291393472883208,0.0261050417567614
-0.017467825518494,0.111942590099404,0.091654177755153
-0.135584950686546,-0.0228632319895774,0.0204107975886605
0.0542399433240733,0.139975296654922,0.116216883248648
-0.00656599534335374,0.0577532157738463,0.0619174476613367
0.190703597818124,0.0045390459899785,0.0196783922312529
-0.064696940063146,-0.186589494489976,-0.164486495174931
0.148330105333815,0.0337443323075362,0.0296462212467075
0.221235899356802,0.362482589238889,0.280361119147194
-0.00403544613042705,0.199265427147104,0.216583486659854
-0.0263114914804216,-0.015163940053378,-0.0673100349477973
-0.0348751047928398,0.0677040339950902,0.0670776432298974
-0.181929871979202,-0.233546014542193,-0.222265234348553
-0.0704765873130466,-0.0620333141536815,-0.00138305332324136
-0.109621829393445,-0.107158083689021,-0.0890596357482095
0.065427740586429,0.0978055914816611,0.141929093893594
-0.136346671336553,-0.0981607853075767,-0.0818453204710176
-0.0108172678473366,0.00840378885228485,0.02023813128415
0.0123461340613537,-0.0251282521127226,0.0180406128736473
-0.0862852192368594,-0.18904792988696,-0.171401203477024
0.113227939828182,0.0289985937934544,0.00806353549185006
-0.071862376978748,-0.0526339632170923,-0.0265079068101056
0.122129098270497,0.111131070126866,0.0952307931294743
0.0610912326182958,-0.0739309068561562,-0.0879653656552233
-0.201529356450894,-0.325039428141367,-0.358296649750322
0.154994011135175,-0.138292804980609,-0.169590681103966
0.10815030910178,0.132086051973488,0.136255718342446
0.0254259266064526,-0.0379835880938248,-0.00634608872205647
-0.162457364414566,-0.179065384478297,-0.132531315268703
0.154479262870802,-0.101344893564173,-0.140571406571064
0.00336338258680359,-0.0574419764331883,-0.0446722801949028
-0.0150998660881482,-0.14859808887384,-0.149913176425722
-0.132816145717356,-0.130031491445408,-0.14529118702494
-0.129564161067507,-0.196832410826275,-0.158488934038753
0.010750150312333,-0.00398230447667732,-0.0386728071085029
-0.170810453383749,-0.0428373981023771,0.0350562676297183
-0.18266983980711,-0.0195163472753707,0.0607031001539755
0.0214619153539285,0.0193067039069177,0.0578854400497577
0.0426782576559484,-0.00508592370063664,-0.0357567415638216
-0.113551434328328,-0.0521315959975644,-0.0406096286835751
0.133641656229857,-0.0667513836326984,-0.102138034899241
-0.0857874677501575,-0.0147742400717089,-0.012807181027131
-0.0896842012490484,-0.0397628928962861,-0.0382832009950452
0.0629539784024037,-0.0374156979622024,-0.0613016692538199
-0.030307111283077,0.0808450876135234,0.11046658388608
